,단축코드,한글명,표준코드,시가총액,거래정지
103,000020,동화약품,KR7000020008,2153,S
104,000040,KR모터스,KR7000040006,341,S
105,000050,경방,KR7000050005,1732,S
106,000070,삼양홀딩스,KR7000070003,6774,S
107,000075,삼양홀딩스우,KR7000071001,172,S
108,000080,하이트진로,KR7000080002,14202,S
109,000087,하이트진로2우B,KR7000082008,182,S
110,000100,유한양행,KR7000100008,119912,S
111,000105,유한양행우,KR7000101006,1668,S
112,000120,CJ대한통운,KR7000120006,22150,S
113,000140,하이트진로홀딩스,KR7000140004,2181,S
114,000145,하이트진로홀딩스우,KR7000141002,53,S
115,000150,두산,KR7000150003,27016,S
116,000155,두산우,KR7000151001,3245,S
117,000157,두산2우B,KR7000152009,711,S
118,000180,성창기업지주,KR7000180000,1117,S
119,000210,DL,KR7000210005,8874,S
120,000215,DL우,KR7000211003,398,S
121,000220,유유제약,KR7000220004,797,S
122,000225,유유제약1우,KR7000221002,116,S
123,000227,유유제약2우B,KR7000222000,34,S
124,000230,일동홀딩스,KR7000230003,957,S
125,000240,한국앤컴퍼니,KR7000240002,16252,S
126,000270,기아,KR7000270009,411054,S
127,000300,대유플러스,KR7000300004,304,A
128,000320,노루홀딩스,KR7000320002,1769,S
129,000325,노루홀딩스우,KR7000321000,73,S
130,000370,한화손해보험,KR7000370007,5790,S
131,000390,삼화페인트,KR7000390005,1904,S
132,000400,롯데손해보험,KR7000400002,7618,S
133,000430,대원강업,KR7000430009,2635,S
134,000480,CR홀딩스,KR7000480004,2677,S
135,000490,대동,KR7000490003,2279,S
136,000500,가온전선,KR7000500009,2803,S
137,000520,삼일제약,KR7000520007,3479,S
138,000540,흥국화재,KR7000540005,2364,S
139,000545,흥국화재우,KR7000541003,41,S
140,000590,CS홀딩스,KR7000590000,766,S
141,000640,동아쏘시오홀딩스,KR7000640003,7713,S
142,000650,천일고속,KR7000650002,591,S
143,000660,SK하이닉스,KR7000660001,1203387,S
144,000670,영풍,KR7000670000,6797,S
145,000680,LS네트웍스,KR7000680009,2679,S
146,000700,유수홀딩스,KR7000700005,1359,S
147,000720,현대건설,KR7000720003,34074,S
148,000725,현대건설우,KR7000721001,471,S
149,000760,이화산업,KR7000760009,356,S
150,000810,삼성화재,KR7000810002,163443,S
151,000815,삼성화재우,KR7000811000,8793,S
152,000850,화천기공,KR7000850008,689,S
153,000860,강남제비스코,KR7000860007,1833,S
154,000880,한화,KR7000880005,21850,S
155,000885,한화우,KR7000881003,193,S
156,00088K,한화3우B,KR700088K015,3483,S
157,000890,보해양조,KR7000890004,626,S
158,000910,유니온,KR7000910000,653,S
159,000950,전방,KR7000950006,325,S
160,000970,한국주철관,KR7000970004,1472,S
161,000990,DB하이텍,KR7000990002,17848,S
162,001020,페이퍼코리아,KR7001020007,1276,S
163,001040,CJ,KR7001040005,34049,S
164,001045,CJ우,KR7001041003,1347,S
165,00104K,CJ4우(전환),KR700104K010,3664,S
166,001060,JW중외제약,KR7001060003,6589,S
167,001065,JW중외제약우,KR7001061001,103,S
168,001067,JW중외제약2우B,KR7001062009,123,S
169,001070,대한방직,KR7001070002,320,S
170,001080,만호제강,KR7001080001,1321,S
171,001120,LX인터내셔널,KR7001120005,11821,S
172,001130,대한제분,KR7001130004,2338,S
173,001140,국보,KR7001140003,334,A
174,001200,유진투자증권,KR7001200005,4334,S
175,001210,금호전기,KR7001210004,312,S
176,001230,동국홀딩스,KR7001230002,2591,S
177,001250,GS글로벌,KR7001250000,3177,S
178,001260,남광토건,KR7001260009,645,S
179,001270,부국증권,KR7001270008,2960,S
180,001275,부국증권우,KR7001271006,657,S
181,001290,상상인증권,KR7001290006,511,S
182,001340,백광산업,KR7001340009,3925,S
183,001360,삼성제약,KR7001360007,1881,S
184,001380,SG글로벌,KR7001380005,1366,S
185,001390,KG케미칼,KR7001390004,2985,S
186,001420,태원물산,KR7001420009,275,S
187,001430,세아베스틸지주,KR7001430008,7172,S
188,001440,대한전선,KR7001440007,22466,S
189,001450,현대해상,KR7001450006,29233,S
190,001460,BYC,KR7001460005,2098,S
191,001465,BYC우,KR7001461003,281,S
192,001470,삼부토건,KR7001470004,1205,S
193,001500,현대차증권,KR7001500008,2809,S
194,001510,SK증권,KR7001510007,2481,S
195,001515,SK증권우,KR7001511005,74,S
196,001520,동양,KR7001520006,1904,S
197,001525,동양우,KR7001521004,29,S
198,001527,동양2우B,KR7001522002,29,S
199,001530,DI동일,KR7001530005,8812,S
200,001550,조비,KR7001550003,593,S
201,001560,제일연마,KR7001560002,830,S
202,001570,금양,KR7001570001,32682,S
203,001620,케이비아이동국실업,KR7001620004,647,S
204,001630,종근당홀딩스,KR7001630003,3015,S
205,001680,대상,KR7001680008,7189,S
206,001685,대상우,KR7001681006,227,S
207,001720,신영증권,KR7001720002,12757,S
208,001740,SK네트웍스,KR7001740000,10986,S
209,001750,한양증권,KR7001750009,1738,S
210,001755,한양증권우,KR7001751007,95,S
211,001770,SHD,KR7001770007,223,S
212,001780,알루코,KR7001780006,2348,S
213,001790,대한제당,KR7001790005,2632,S
214,001795,대한제당우,KR7001791003,166,S
215,001800,오리온홀딩스,KR7001800002,9847,S
216,001820,삼화콘덴서,KR7001820000,3659,S
217,001940,KISCO홀딩스,KR7001940006,3071,S
218,002020,코오롱,KR7002020006,1878,S
219,002025,코오롱우,KR7002021004,141,S
220,002030,아세아,KR7002030005,5342,S
221,002070,비비안,KR7002070001,268,S
222,002100,경농,KR7002100006,1794,S
223,002140,고려산업,KR7002140002,670,S
224,002150,도화엔지니어링,KR7002150001,2306,S
225,002170,삼양통상,KR7002170009,1438,S
226,002200,한국수출포장,KR7002200004,1020,S
227,002210,동성제약,KR7002210003,1205,S
228,002220,한일철강,KR7002220002,540,S
229,002240,고려제강,KR7002240000,4882,S
230,002310,아세아제지,KR7002310001,3515,S
231,002320,한진,KR7002320000,2869,S
232,002350,넥센타이어,KR7002350007,7080,S
233,002355,넥센타이어1우B,KR7002351005,208,S
234,002360,SH에너지화학,KR7002360006,586,S
235,002380,KCC,KR7002380004,26837,S
236,002390,한독,KR7002390003,1900,S
237,002410,범양건영,KR7002410009,289,S
238,002420,세기상사,KR7002420008,344,S
239,002450,삼익악기,KR7002450005,966,S
240,002460,HS화성,KR7002460004,859,S
241,002600,조흥,KR7002600005,1070,S
242,002620,제일파마홀딩스,KR7002620003,1421,S
243,002630,오리엔트바이오,KR7002630002,554,S
244,002690,동일제강,KR7002690006,322,S
245,002700,신일전자,KR7002700003,1052,S
246,002710,TCC스틸,KR7002710002,9502,S
247,002720,국제약품,KR7002720001,1155,S
248,002760,보락,KR7002760007,620,S
249,002780,진흥기업,KR7002780005,1214,S
250,002785,진흥기업우B,KR7002781003,34,S
251,002787,진흥기업2우B,KR7002782001,29,S
252,002790,아모레G,KR7002790004,22675,S
253,002795,아모레G우,KR7002791002,629,S
254,00279K,아모레G3우(전환),KR700279K010,1436,S
255,002810,삼영무역,KR7002810000,2378,S
256,002820,SUN&L,KR7002820009,426,S
257,002840,미원상사,KR7002840007,9808,S
258,002870,신풍,KR7002870004,349,S
259,002880,대유에이텍,KR7002880003,484,S
260,002900,TYM,KR7002900009,1416,S
261,002920,유성기업,KR7002920007,557,S
262,002960,한국쉘석유,KR7002960003,4095,S
263,002990,금호건설,KR7002990000,1191,S
264,002995,금호건설우,KR7002991008,27,S
265,003000,부광약품,KR7003000007,3456,S
266,003010,혜인,KR7003010006,641,S
267,003030,세아제강지주,KR7003030004,7662,S
268,003060,에이프로젠바이오로직스,KR7003060001,1744,S
269,003070,코오롱글로벌,KR7003070000,1895,S
270,003075,코오롱글로벌우,KR7003071008,132,S
271,003080,성보화학,KR7003080009,529,S
272,003090,대웅,KR7003090008,14564,S
273,003120,일성아이에스,KR7003120003,2234,S
274,003160,디아이,KR7003160009,4075,S
275,003200,일신방직,KR7003200003,1908,S
276,003220,대원제약,KR7003220001,3323,S
277,003230,삼양식품,KR7003230000,39096,S
278,003240,태광산업,KR7003240009,7125,S
279,003280,흥아해운,KR7003280005,5577,S
280,003300,한일홀딩스,KR7003300001,4211,S
281,003350,한국화장품제조,KR7003350006,3371,S
282,003460,유화증권,KR7003460003,1253,S
283,003465,유화증권우,KR7003461001,381,S
284,003470,유안타증권,KR7003470002,5728,S
285,003475,유안타증권우,KR7003471000,368,S
286,003480,한진중공업홀딩스,KR7003480001,1021,S
287,003490,대한항공,KR7003490000,82665,S
288,003495,대한항공우,KR7003491008,253,S
289,003520,영진약품,KR7003520004,4352,S
290,003530,한화투자증권,KR7003530003,7273,S
291,003535,한화투자증권우,KR7003531001,324,S
292,003540,대신증권,KR7003540002,8169,S
293,003545,대신증권우,KR7003541000,4004,S
294,003547,대신증권2우B,KR7003542008,1480,S
295,003550,LG,KR7003550001,124425,S
296,003555,LG우,KR7003551009,1822,S
297,003560,IHQ,KR7003560000,621,A
298,003570,SNT다이내믹스,KR7003570009,7847,S
299,003580,HLB글로벌,KR7003580008,2455,S
300,003610,방림,KR7003610003,1315,S
301,003620,KG모빌리티,KR7003620002,10507,S
302,003650,미창석유,KR7003650009,1590,S
303,003670,포스코퓨처엠,KR7003670007,191334,S
304,003680,한성기업,KR7003680006,330,S
305,003690,코리안리,KR7003690005,13659,S
306,003720,삼영,KR7003720000,1771,S
307,003780,진양산업,KR7003780004,880,S
308,003830,대한화섬,KR7003830007,1552,S
309,003850,보령,KR7003850005,7549,S
310,003920,남양유업,KR7003920006,4053,S
311,003925,남양유업우,KR7003921004,712,S
312,003960,사조대림,KR7003960002,4857,S
313,004000,롯데정밀화학,KR7004000006,11945,S
314,004020,현대제철,KR7004020004,35763,S
315,004060,SG세계물산,KR7004060000,736,S
316,004080,신흥,KR7004080008,1353,S
317,004090,한국석유,KR7004090007,2410,S
318,004100,태양금속,KR7004100004,1152,S
319,004105,태양금속우,KR7004101002,165,S
320,004140,동방,KR7004140000,1319,S
321,004150,한솔홀딩스,KR7004150009,987,S
322,004170,신세계,KR7004170007,15397,S
323,004250,NPC,KR7004250007,1823,S
324,004255,NPC우,KR7004251005,137,S
325,004270,남성,KR7004270005,505,S
326,004310,현대약품,KR7004310009,1456,S
327,004360,세방,KR7004360004,2510,S
328,004365,세방우,KR7004361002,287,S
329,004370,농심,KR7004370003,22901,S
330,004380,삼익THK,KR7004380002,2058,S
331,004410,서울식품,KR7004410007,622,S
332,004415,서울식품우,KR7004411005,29,S
333,004430,송원산업,KR7004430005,2966,S
334,004440,삼일씨엔에스,KR7004440004,520,S
335,004450,삼화왕관,KR7004450003,689,S
336,004490,세방전지,KR7004490009,11984,S
337,004540,깨끗한나라,KR7004540001,839,S
338,004545,깨끗한나라우,KR7004541009,45,S
339,004560,현대비앤지스틸,KR7004560009,2196,S
340,004690,삼천리,KR7004690004,3621,S
341,004700,조광피혁,KR7004700001,3676,S
342,004710,한솔테크닉스,KR7004710000,1457,S
343,004720,팜젠사이언스,KR7004720009,899,S
344,004770,써니전자,KR7004770004,586,S
345,004800,효성,KR7004800009,8537,S
346,004830,덕성,KR7004830006,1077,S
347,004835,덕성우,KR7004831004,144,S
348,004840,DRB동일,KR7004840005,938,S
349,004870,티웨이홀딩스,KR7004870002,587,S
350,004890,동일산업,KR7004890000,1002,S
351,004910,조광페인트,KR7004910006,846,S
352,004920,씨아이테크,KR7004920005,613,S
353,004960,한신공영,KR7004960001,801,S
354,004970,신라교역,KR7004970000,1521,S
355,004980,성신양회,KR7004980009,1983,S
356,004985,성신양회우,KR7004981007,84,S
357,004990,롯데지주,KR7004990008,25388,S
358,00499K,롯데지주우,KR700499K014,254,S
359,005010,휴스틸,KR7005010004,2326,S
360,005030,부산주공,KR7005030002,382,A
361,005070,코스모신소재,KR7005070008,38947,S
362,005090,SGC에너지,KR7005090006,4027,S
363,005110,한창,KR7005110002,233,A
364,005180,빙그레,KR7005180005,6166,S
365,005250,녹십자홀딩스,KR7005250006,7326,S
366,005257,녹십자홀딩스2우,KR7005252002,208,S
367,005300,롯데칠성,KR7005300009,12359,S
368,005305,롯데칠성우,KR7005301007,519,S
369,005320,국동,KR7005320007,330,S
370,005360,모나미,KR7005360003,453,S
371,005380,현대차,KR7005380001,526681,S
372,005385,현대차우,KR7005381009,42635,S
373,005387,현대차2우B,KR7005382007,65546,S
374,005389,현대차3우B,KR7005383005,4187,S
375,005390,신성통상,KR7005390000,3233,S
376,005420,코스모화학,KR7005420005,8545,S
377,005430,한국공항,KR7005430004,1662,S
378,005440,현대지에프홀딩스,KR7005440003,7327,S
379,005490,POSCO홀딩스,KR7005490008,309841,S
380,005500,삼진제약,KR7005500004,2570,S
381,005610,SPC삼립,KR7005610001,4418,S
382,005680,삼영전자,KR7005680004,1752,S
383,005690,파미셀,KR7005690003,3240,S
384,005720,넥센,KR7005720008,2422,S
385,005725,넥센우,KR7005721006,110,S
386,005740,크라운해태홀딩스,KR7005740006,892,S
387,005745,크라운해태홀딩스우,KR7005741004,55,S
388,005750,대림B&Co,KR7005750005,580,S
389,005800,신영와코루,KR7005800008,828,S
390,005810,풍산홀딩스,KR7005810007,3878,S
391,005820,원림,KR7005820006,371,S
392,005830,DB손해보험,KR7005830005,75331,S
393,005850,에스엘,KR7005850003,16024,S
394,005870,휴니드,KR7005870001,1134,S
395,005880,대한해운,KR7005880000,6415,S
396,005930,삼성전자,KR7005930003,3713204,S
397,005935,삼성전자우,KR7005931001,434484,S
398,005940,NH투자증권,KR7005940002,43294,S
399,005945,NH투자증권우,KR7005941000,2234,S
400,005950,이수화학,KR7005950001,2017,S
401,005960,동부건설,KR7005960000,1002,S
402,005965,동부건설우,KR7005961008,51,S
403,006040,동원산업,KR7006040000,11202,S
404,006060,화승인더,KR7006060008,2140,S
405,006090,사조오양,KR7006090005,897,S
406,006110,삼아알미늄,KR7006110001,7400,S
407,006120,SK디스커버리,KR7006120000,6565,S
408,006125,SK디스커버리우,KR7006121008,435,S
409,006200,한국전자홀딩스,KR7006200000,367,S
410,006220,제주은행,KR7006220008,2853,S
411,006260,LS,KR7006260004,39702,S
412,006280,녹십자,KR7006280002,17588,S
413,006340,대원전선,KR7006340004,2241,S
414,006345,대원전선우,KR7006341002,107,S
415,006360,GS건설,KR7006360002,15601,S
416,006370,대구백화점,KR7006370001,728,S
417,006380,카프로,KR7006380000,6185,A
418,006390,한일현대시멘트,KR7006390009,2671,S
419,006400,삼성SDI,KR7006400006,262336,S
420,006405,삼성SDI우,KR7006401004,3729,S
421,006490,인스코비,KR7006490007,1327,S
422,006570,대림통상,KR7006570006,452,S
423,006650,대한유화,KR7006650006,7000,S
424,006660,삼성공조,KR7006660005,1040,S
425,006740,영풍제지,KR7006740005,713,S
426,006800,미래에셋증권,KR7006800007,50363,S
427,006805,미래에셋증권우,KR7006801005,583,S
428,00680K,미래에셋증권2우B,KR700680K019,5411,S
429,006840,AK홀딩스,KR7006840003,1698,S
430,006880,신송홀딩스,KR7006880009,775,S
431,006890,태경케미컬,KR7006890008,1252,S
432,006980,우성,KR7006980007,529,S
433,007070,GS리테일,KR7007070006,22566,S
434,007110,일신석재,KR7007110000,1016,S
435,007120,미래아이앤지,KR7007120009,324,S
436,007160,사조산업,KR7007160005,3110,S
437,007210,벽산,KR7007210008,1412,S
438,007280,한국특강,KR7007280001,926,S
439,007310,오뚜기,KR7007310006,17013,S
440,007340,DN오토모티브,KR7007340003,10203,A
441,007460,에이프로젠,KR7007460009,3255,S
442,007540,샘표,KR7007540008,1321,S
443,007570,일양약품,KR7007570005,2509,S
444,007575,일양약품우,KR7007571003,53,S
445,007590,동방아그로,KR7007590003,842,S
446,007610,선도전기,KR7007610009,540,A
447,007660,이수페타시스,KR7007660004,23654,S
448,007690,국도화학,KR7007690001,3036,S
449,007700,F&F홀딩스,KR7007700008,5362,S
450,007810,코리아써키트,KR7007810005,2624,S
451,007815,코리아써우,KR7007811003,171,S
452,00781K,코리아써키트2우B,KR700781K015,46,S
453,007860,서연,KR7007860000,1725,S
454,007980,TP,KR7007980006,711,S
455,008040,사조동아원,KR7008040008,1415,S
456,008060,대덕,KR7008060006,2101,S
457,00806K,대덕1우,KR700806K010,77,S
458,008110,대동전자,KR7008110009,1577,A
459,008250,이건산업,KR7008250003,557,S
460,008260,NI스틸,KR7008260002,1196,S
461,008350,남선알미늄,KR7008350001,1803,S
462,008355,남선알미우,KR7008351009,54,S
463,008420,문배철강,KR7008420002,502,S
464,008490,서흥,KR7008490005,1960,S
465,008500,일정실업,KR7008500001,158,S
466,008600,윌비스,KR7008600009,304,S
467,008700,아남전자,KR7008700007,971,S
468,008730,율촌화학,KR7008730004,5617,S
469,008770,호텔신라,KR7008770000,18387,S
470,008775,호텔신라우,KR7008771008,291,S
471,008870,금비,KR7008870008,608,S
472,008930,한미사이언스,KR7008930000,22500,S
473,008970,동양철관,KR7008970006,1285,S
474,009070,KCTC,KR7009070004,1518,S
475,009140,경인전자,KR7009140005,323,S
476,009150,삼성전기,KR7009150004,101359,S
477,009155,삼성전기우,KR7009151002,1883,S
478,009160,SIMPAC,KR7009160003,2669,S
479,009180,한솔로지스틱스,KR7009180001,676,S
480,009190,대양금속,KR7009190000,693,S
481,009200,무림페이퍼,KR7009200007,882,S
482,009240,한샘,KR7009240003,13837,S
483,009270,신원,KR7009270000,1231,S
484,009290,광동제약,KR7009290008,3066,S
485,009310,참엔지니어링,KR7009310004,340,S
486,009320,대우부품,KR7009320003,541,S
487,009410,태영건설,KR7009410002,13301,A
488,009415,태영건설우,KR7009411000,46,A
489,009420,한올바이오파마,KR7009420001,19224,S
490,009440,KC그린홀딩스,KR7009440009,198,S
491,009450,경동나비엔,KR7009450008,9994,S
492,009460,한창제지,KR7009460007,492,S
493,009470,삼화전기,KR7009470006,3029,S
494,009540,HD한국조선해양,KR7009540006,139352,S
495,009580,무림P&P,KR7009580002,1855,S
496,009680,모토닉,KR7009680000,2887,S
497,009770,삼정펄프,KR7009770009,649,S
498,009810,플레이그램,KR7009810003,517,S
499,009830,한화솔루션,KR7009830001,43746,S
500,009835,한화솔루션우,KR7009831009,560,S
501,009900,명신산업,KR7009900002,6689,S
502,009970,영원무역홀딩스,KR7009970005,12040,S
503,010040,한국내화,KR7010040004,954,S
504,010060,OCI홀딩스,KR7010060002,13870,S
505,010100,한국무브넥스,KR7010100006,1176,S
506,010120,LS ELECTRIC,KR7010120004,48270,S
507,010130,고려아연,KR7010130003,145751,S
508,010140,삼성중공업,KR7010140002,94952,S
509,010400,우진아이엔에스,KR7010400000,256,S
510,010420,한솔PNS,KR7010420008,213,S
511,010580,에스엠벡셀,KR7010580009,1355,S
512,010600,웰바이오텍,KR7010600005,495,A
513,010620,HD현대미포,KR7010620003,42418,S
514,010640,진양폴리,KR7010640001,714,S
515,010660,화천기계,KR7010660009,783,S
516,010690,화신,KR7010690006,3160,S
517,010770,평화홀딩스,KR7010770006,408,S
518,010780,아이에스동서,KR7010780005,6686,S
519,010820,퍼스텍,KR7010820009,1419,S
520,010950,S-Oil,KR7010950004,70251,S
521,010955,S-Oil우,KR7010951002,1705,S
522,010960,삼호개발,KR7010960003,821,S
523,011000,진원생명과학,KR7011000007,1952,S
524,011070,LG이노텍,KR7011070000,52895,S
525,011090,에넥스,KR7011090008,349,S
526,011150,CJ씨푸드,KR7011150000,1209,S
527,011155,CJ씨푸드1우,KR7011151008,35,S
528,011170,롯데케미칼,KR7011170008,37813,S
529,011200,HMM,KR7011200003,138272,S
530,011210,현대위아,KR7011210002,14087,S
531,011230,삼화전자,KR7011230000,521,S
532,011280,태림포장,KR7011280005,1607,S
533,011300,성안머티리얼스,KR7011300001,457,S
534,011330,유니켐,KR7011330008,1315,S
535,011390,부산산업,KR7011390002,538,S
536,011420,갤럭시아에스엠,KR7011420007,739,S
537,011500,한농화성,KR7011500006,3252,S
538,011690,와이투솔루션,KR7011690005,1104,S
539,011700,한신기계,KR7011700002,1086,S
540,011760,현대코퍼레이션,KR7011760006,2488,S
541,011780,금호석유,KR7011780004,41426,S
542,011785,금호석유우,KR7011781002,2055,S
543,011790,SKC,KR7011790003,50099,S
544,011810,STX,KR7011810009,1749,S
545,011930,신성이엔지,KR7011930005,3454,S
546,012030,DB,KR7012030003,3188,S
547,012160,영흥,KR7012160008,496,S
548,012170,아센디오,KR7012170007,622,S
549,012200,계양전기,KR7012200002,424,S
550,012205,계양전기우,KR7012201000,45,S
551,012280,영화금속,KR7012280004,412,S
552,012320,경동인베스트,KR7012320008,1835,S
553,012330,현대모비스,KR7012330007,207379,S
554,012450,한화에어로스페이스,KR7012450003,146827,A
555,012510,더존비즈온,KR7012510004,15950,S
556,012600,청호ICT,KR7012600003,1161,A
557,012610,경인양행,KR7012610002,1333,S
558,012630,HDC,KR7012630000,6517,S
559,012690,모나리자,KR7012690004,1164,S
560,012750,에스원,KR7012750006,22837,S
561,012800,대창,KR7012800009,1169,S
562,013000,세우글로벌,KR7013000005,379,S
563,013360,일성건설,KR7013360003,723,S
564,013520,화승코퍼레이션,KR7013520002,960,S
565,013570,디와이,KR7013570007,1292,S
566,013580,계룡건설,KR7013580006,1274,S
567,013700,까뮤이앤씨,KR7013700000,597,S
568,013870,지엠비코리아,KR7013870001,759,S
569,013890,지누스,KR7013890009,4041,S
570,014130,한익스프레스,KR7014130009,448,S
571,014160,대영포장,KR7014160006,1128,S
572,014280,금강공업,KR7014280002,1250,S
573,014285,금강공업우,KR7014281000,46,S
574,014440,영보화학,KR7014440002,681,S
575,014530,극동유화,KR7014530000,1338,S
576,014580,태경비케이,KR7014580005,1231,S
577,014680,한솔케미칼,KR7014680003,14361,S
578,014710,사조씨푸드,KR7014710008,1313,S
579,014790,HL D&I,KR7014790000,921,S
580,014820,동원시스템즈,KR7014820005,12567,S
581,014825,동원시스템즈우,KR7014821003,57,S
582,014830,유니드,KR7014830004,5156,S
583,014910,성문전자,KR7014910004,276,S
584,014915,성문전자우,KR7014911002,30,S
585,014990,인디에프,KR7014990006,479,S
586,015020,이스타코,KR7015020001,265,S
587,015230,대창단조,KR7015230006,1460,S
588,015260,에이엔피,KR7015260003,318,S
589,015360,예스코홀딩스,KR7015360001,2667,S
590,015590,KIB플러그에너지,KR7015590003,1045,S
591,015760,한국전력,KR7015760002,127365,S
592,015860,일진홀딩스,KR7015860000,1867,S
593,015890,태경산업,KR7015890007,1534,S
594,016090,대현,KR7016090003,835,S
595,016360,삼성증권,KR7016360000,38309,S
596,016380,KG스틸,KR7016380008,6670,S
597,016450,한세예스24홀딩스,KR7016450009,1798,S
598,016580,환인제약,KR7016580003,2514,S
599,016590,신대양제지,KR7016590002,2280,S
600,016610,DB금융투자,KR7016610008,2279,S
601,016710,대성홀딩스,KR7016710006,1282,S
602,016740,두올,KR7016740003,1079,S
603,016800,퍼시스,KR7016800005,4772,S
604,016880,웅진,KR7016880007,767,S
605,017040,광명전기,KR7017040007,771,S
606,017180,명문제약,KR7017180001,763,S
607,017370,우신시스템,KR7017370008,1170,S
608,017390,서울가스,KR7017390006,2675,S
609,017550,수산중공업,KR7017550005,1063,S
610,017670,SK텔레콤,KR7017670001,122645,S
611,017800,현대엘리베이,KR7017800004,17024,S
612,017810,풀무원,KR7017810003,4132,S
613,017860,DS단석,KR7017860008,4483,S
614,017900,광전자,KR7017900002,1091,S
615,017940,E1,KR7017940008,5172,S
616,017960,한국카본,KR7017960006,5876,S
617,018250,애경산업,KR7018250001,4928,S
618,018260,삼성에스디에스,KR7018260000,118697,S
619,018470,조일알미늄,KR7018470005,2093,S
620,018500,동원금속,KR7018500009,656,S
621,018670,SK가스,KR7018670000,15737,S
622,018880,한온시스템,KR7018880005,22072,S
623,019170,신풍제약,KR7019170000,6495,S
624,019175,신풍제약우,KR7019171008,431,S
625,019180,티에이치엔,KR7019180009,612,S
626,019440,세아특수강,KR7019440007,1180,S
627,019490,하이트론,KR7019490002,1165,S
628,019680,대교,KR7019680008,1897,S
629,019685,대교우B,KR7019681006,262,S
630,020000,한섬,KR7020000006,3799,S
631,020120,키다리스튜디오,KR7020120002,1315,S
632,020150,롯데에너지머티리얼즈,KR7020150009,18951,S
633,020560,아시아나항공,KR7020560009,7061,S
634,020760,일진디스플,KR7020760005,518,S
635,021050,서원,KR7021050000,613,S
636,021240,코웨이,KR7021240007,50405,S
637,021820,세원정공,KR7021820006,787,S
638,022100,포스코DX,KR7022100002,47662,S
639,023000,삼원강재,KR7023000003,1036,S
640,023150,MH에탄올,KR7023150006,451,S
641,023350,한국종합기술,KR7023350002,514,S
642,023450,동남합성,KR7023450000,1183,S
643,023530,롯데쇼핑,KR7023530009,17595,S
644,023590,다우기술,KR7023590003,8174,S
645,023800,인지컨트롤스,KR7023800006,981,S
646,023810,인팩,KR7023810005,804,S
647,023960,에쓰씨엔지니어링,KR7023960008,548,S
648,024070,WISCOM,KR7024070005,319,S
649,024090,디씨엠,KR7024090003,1431,S
650,024110,기업은행,KR7024110009,110682,S
651,024720,콜마홀딩스,KR7024720005,2678,S
652,024890,대원화성,KR7024890006,510,S
653,024900,덕양산업,KR7024900003,1217,S
654,025000,KPX케미칼,KR7025000001,2311,S
655,025530,SJM홀딩스,KR7025530007,534,S
656,025540,한국단자,KR7025540006,7436,S
657,025560,미래산업,KR7025560004,396,S
658,025620,제이준코스메틱,KR7025620006,249,S
659,025750,한솔홈데코,KR7025750001,586,S
660,025820,이구산업,KR7025820002,1628,S
661,025860,남해화학,KR7025860008,3214,S
662,025890,한국주강,KR7025890005,223,S
663,026890,스틱인베스트먼트,KR7026890004,3384,S
664,026940,부국철강,KR7026940007,523,S
665,026960,동서,KR7026960005,19232,S
666,027410,BGF,KR7027410000,3383,S
667,027740,마니커,KR7027740000,601,S
668,027970,한국제지,KR7027970003,2027,S
669,028050,삼성E&A,KR7028050003,47334,S
670,028100,동아지질,KR7028100006,1742,S
671,028260,삼성물산,KR7028260008,246230,S
672,02826K,삼성물산우B,KR702826K016,1514,S
673,028670,팬오션,KR7028670008,20367,S
674,029460,케이씨,KR7029460003,2690,S
675,029530,신도리코,KR7029530003,4062,S
676,029780,삼성카드,KR7029780004,46691,S
677,030000,제일기획,KR7030000004,21052,S
678,030190,NICE평가정보,KR7030190003,6281,S
679,030200,KT,KR7030200000,102068,S
680,030210,다올투자증권,KR7030210009,1842,S
681,030610,교보증권,KR7030610000,6131,S
682,030720,동원수산,KR7030720007,275,S
683,031430,신세계인터내셔날,KR7031430002,4755,S
684,031440,신세계푸드,KR7031440001,1372,S
685,031820,콤텍시스템,KR7031820004,699,S
686,032350,롯데관광개발,KR7032350001,7177,S
687,032560,황금에스티,KR7032560005,945,S
688,032640,LG유플러스,KR7032640005,42831,S
689,032830,삼성생명,KR7032830002,187200,S
690,033180,KH 필룩스,KR7033180001,1253,A
691,033240,자화전자,KR7033240003,3868,S
692,033250,체시스,KR7033250002,427,S
693,033270,유나이티드제약,KR7033270000,3519,S
694,033530,SJG세종,KR7033530007,1343,S
695,033780,KT&G,KR7033780008,141139,S
696,033920,무학,KR7033920000,1755,S
697,034020,두산에너빌리티,KR7034020008,115941,S
698,034120,SBS,KR7034120006,2845,S
699,034220,LG디스플레이,KR7034220004,54400,S
700,034230,파라다이스,KR7034230003,10250,S
701,034300,신세계건설,KR7034300004,1147,S
702,034310,NICE,KR7034310003,4035,S
703,034590,인천도시가스,KR7034590000,1117,S
704,034730,SK,KR7034730002,109841,S
705,03473K,SK우,KR703473K016,713,S
706,034830,한국토지신탁,KR7034830000,2608,S
707,035000,HS애드,KR7035000009,1055,S
708,035150,백산,KR7035150002,3096,S
709,035250,강원랜드,KR7035250000,36583,S
710,035420,NAVER,KR7035420009,267223,S
711,035510,신세계 I&C,KR7035510007,1577,S
712,035720,카카오,KR7035720002,159004,S
713,036420,콘텐트리중앙,KR7036420008,1953,S
714,036460,한국가스공사,KR7036460004,42787,S
715,036530,SNT홀딩스,KR7036530004,3660,S
716,036570,엔씨소프트,KR7036570000,43578,S
717,036580,팜스코,KR7036580009,844,S
718,037270,YG PLUS,KR7037270006,1645,S
719,037560,LG헬로비전,KR7037560000,2052,S
720,037710,광주신세계,KR7037710001,2339,S
721,039130,하나투어,KR7039130000,7754,S
722,039490,키움증권,KR7039490008,33337,S
723,039570,HDC랩스,KR7039570007,2081,S
724,041650,상신브레이크,KR7041650003,743,S
725,042660,한화오션,KR7042660001,98358,S
726,042670,HD현대인프라코어,KR7042670000,14333,S
727,042700,한미반도체,KR7042700005,103395,S
728,044380,주연테크,KR7044380004,220,S
729,044450,KSS해운,KR7044450005,2165,S
730,044820,코스맥스비티아이,KR7044820009,835,S
731,047040,대우건설,KR7047040001,16209,S
732,047050,포스코인터내셔널,KR7047050000,97285,S
733,047400,유니온머티리얼,KR7047400007,913,S
734,047810,한국항공우주,KR7047810007,52831,S
735,049770,동원F&B,KR7049770001,6280,S
736,049800,우진플라임,KR7049800006,452,S
737,051600,한전KPS,KR7051600005,18810,S
738,051630,진양화학,KR7051630002,477,S
739,051900,LG생활건강,KR7051900009,58412,S
740,051905,LG생활건강우,KR7051901007,3338,S
741,051910,LG화학,KR7051910008,246014,S
742,051915,LG화학우,KR7051911006,18453,S
743,052690,한전기술,KR7052690005,25951,S
744,053210,스카이라이프,KR7053210001,2369,S
745,053690,한미글로벌,KR7053690004,1612,S
746,055490,테이팩스,KR7055490007,895,S
747,055550,신한지주,KR7055550008,272525,S
748,057050,현대홈쇼핑,KR7057050007,5628,S
749,058430,포스코스틸리온,KR7058430000,2481,S
750,058650,세아홀딩스,KR7058650003,4068,S
751,058730,다스코,KR7058730003,600,S
752,058850,KTcs,KR7058850009,1143,S
753,058860,KTis,KR7058860008,901,S
754,060980,HL홀딩스,KR7060980000,3559,S
755,062040,산일전기,KR7062040001,14157,S
756,063160,종근당바이오,KR7063160006,1577,S
757,064350,현대로템,KR7064350002,60792,S
758,064960,SNT모티브,KR7064960008,7179,S
759,066570,LG전자,KR7066570003,172812,S
760,066575,LG전자우,KR7066571001,8489,S
761,066970,엘앤에프,KR7066970005,37929,S
762,067830,세이브존I&C,KR7067830000,851,S
763,068270,셀트리온,KR7068270008,434042,S
764,068290,삼성출판사,KR7068290006,1545,S
765,069260,TKG휴켐스,KR7069260008,7828,S
766,069460,대호에이엘,KR7069460004,857,S
768,069620,대웅제약,KR7069620003,16232,S
769,069640,한세엠케이,KR7069640001,524,S
771,069730,DSR제강,KR7069730000,547,S
772,069960,현대백화점,KR7069960003,11186,S
773,070960,모나용평,KR7070960000,2055,S
774,071050,한국금융지주,KR7071050009,40178,S
775,071055,한국금융지주우,KR7071051007,2964,S
776,071090,하이스틸,KR7071090005,668,S
777,071320,지역난방공사,KR7071320006,5360,S
778,071840,롯데하이마트,KR7071840003,1919,S
779,071950,코아스,KR7071950000,352,A
780,071970,HD현대마린엔진,KR7071970008,6356,S
781,072130,유엔젤,KR7072130008,527,S
782,072710,농심홀딩스,KR7072710007,3098,S
783,073240,금호타이어,KR7073240004,12955,S
784,074610,이엔플러스,KR7074610007,1215,S
785,075180,새론오토모티브,KR7075180000,738,S
786,075580,세진중공업,KR7075580001,4240,S
787,077500,유니퀘스트,KR7077500007,1002,S
788,077970,STX엔진,KR7077970002,4178,S
789,078000,텔코웨어,KR7078000007,924,S
790,078520,에이블씨엔씨,KR7078520004,1940,S
791,078930,GS,KR7078930005,39860,S
792,078935,GS우,KR7078931003,729,S
793,079160,CJ CGV,KR7079160008,9835,S
794,079430,현대리바트,KR7079430005,1665,S
795,079550,LIG넥스원,KR7079550000,48620,S
796,079900,전진건설로봇,KR7079900007,2426,S
797,079980,휴비스,KR7079980009,1029,S
798,081000,일진다이아,KR7081000002,1857,S
799,081660,휠라홀딩스,KR7081660003,26171,S
800,082640,동양생명,KR7082640004,8794,S
801,082740,한화엔진,KR7082740002,11248,S
802,083420,그린케미칼,KR7083420000,1579,S
803,084010,대한제강,KR7084010008,3050,S
804,084670,동양고속,KR7084670009,253,S
805,084680,이월드,KR7084680008,2426,S
806,084690,대상홀딩스,KR7084690007,3204,S
807,084695,대상홀딩스우,KR7084691005,186,S
808,084870,TBH글로벌,KR7084870005,304,S
809,085310,엔케이,KR7085310001,635,S
810,085620,미래에셋생명,KR7085620003,9275,S
811,086280,현대글로비스,KR7086280005,88050,S
812,086790,하나금융지주,KR7086790003,165737,S
814,088350,한화생명,KR7088350004,24926,S
815,088790,진도,KR7088790001,232,S
817,089470,HDC현대EP,KR7089470009,1357,S
818,089590,제주항공,KR7089590004,7249,S
819,089860,롯데렌탈,KR7089860001,11521,S
820,090080,평화산업,KR7090080003,556,S
821,090350,노루페인트,KR7090350000,1758,S
822,090355,노루페인트우,KR7090351008,65,S
823,090370,메타랩스,KR7090370008,405,S
824,090430,아모레퍼시픽,KR7090430000,88148,S
825,090435,아모레퍼시픽우,KR7090431008,4159,S
826,090460,비에이치,KR7090460007,6231,S
827,091090,세원이앤씨,KR7091090001,548,A
833,091810,티웨이항공,KR7091810002,6116,S
834,092200,디아이씨,KR7092200005,1571,S
835,092220,KEC,KR7092220003,1955,S
836,092230,KPX홀딩스,KR7092230002,2429,S
837,092440,기신정기,KR7092440007,769,S
838,092780,동양피스톤,KR7092780006,770,S
839,092790,넥스틸,KR7092790005,2080,S
840,093050,LF,KR7093050003,4298,S
841,093230,이아이디,KR7093230001,3541,A
842,093240,형지엘리트,KR7093240000,680,S
843,093370,후성,KR7093370005,6917,S
844,094280,효성ITX,KR7094280005,1503,S
846,095570,AJ네트웍스,KR7095570008,2151,S
847,095720,웅진씽크빅,KR7095720009,2045,S
848,096760,JW홀딩스,KR7096760004,2310,S
849,096770,SK이노베이션,KR7096770003,116127,S
850,096775,SK이노베이션우,KR7096771001,1022,S
851,097230,HJ중공업,KR7097230007,2248,S
852,097520,엠씨넥스,KR7097520001,3316,S
853,097950,CJ제일제당,KR7097950000,46216,S
854,097955,CJ제일제당 우,KR7097951008,1830,S
857,100090,SK오션플랜트,KR7100090000,9187,S
858,100220,비상교육,KR7100220003,658,S
859,100250,진양홀딩스,KR7100250000,1783,S
860,100840,SNT에너지,KR7100840008,2760,S
862,101140,인바이오젠,KR7101140002,938,A
864,101530,해태제과식품,KR7101530004,1697,S
866,102260,동성케미컬,KR7102260007,2111,S
867,102280,쌍방울,KR7102280005,706,A
868,102460,이연제약,KR7102460003,2676,S
872,103140,풍산,KR7103140000,16394,S
873,103590,일진전기,KR7103590006,10133,S
876,104700,한국철강,KR7104700000,3599,S
879,105560,KB금융,KR7105560007,307345,S
880,105630,한세실업,KR7105630008,6252,S
882,105840,우진,KR7105840003,1619,S
883,107590,미원홀딩스,KR7107590002,1881,S
884,108320,LX세미콘,KR7108320003,10311,S
887,108670,LX하우시스,KR7108670001,3533,S
888,108675,LX하우시스우,KR7108671009,237,S
889,109070,주성코퍼레이션,KR7109070003,2165,A
890,111110,호전실업,KR7111110003,702,S
891,111380,동인기연,KR7111380002,1124,S
892,111770,영원무역,KR7111770004,17990,S
893,112610,씨에스윈드,KR7112610001,29393,S
894,114090,GKL,KR7114090004,7354,S
901,115390,락앤락,KR7115390007,3752,S
903,117580,대성에너지,KR7117580001,2703,S
907,118000,메타케어,KR7118000009,617,S
908,119650,KC코트렐,KR7119650000,404,S
909,120030,조선선재,KR7120030002,1192,S
910,120110,코오롱인더,KR7120110002,9604,S
911,120115,코오롱인더우,KR7120111000,599,S
915,122900,아이마켓코리아,KR7122900004,2851,S
918,123690,한국화장품,KR7123690000,1201,S
919,123700,SJM,KR7123700007,530,S
920,123890,한국자산신탁,KR7123890006,3719,S
921,126560,현대퓨처넷,KR7126560002,4898,S
922,126720,수산인더스트리,KR7126720002,3035,S
923,128820,대성산업,KR7128820008,1592,S
924,128940,한미약품,KR7128940004,41763,S
925,129260,인터지스,KR7129260006,660,S
926,130660,한전산업,KR7130660004,4449,S
932,133820,화인베스틸,KR7133820001,261,S
933,134380,미원화학,KR7134380005,1748,S
934,134790,시디즈,KR7134790005,545,S
936,136490,선진,KR7136490000,1652,S
937,137310,에스디바이오센서,KR7137310009,11613,S
939,138040,메리츠금융지주,KR7138040001,177751,S
941,138490,코오롱ENP,KR7138490008,2280,S
947,138930,BNK금융지주,KR7138930003,28967,S
948,139130,DGB금융지주,KR7139130009,13650,S
959,139480,이마트,KR7139480008,17004,S
961,139990,아주스틸,KR7139990006,1405,S
968,143210,핸즈코퍼레이션,KR7143210003,469,S
973,145210,다이나믹디자인,KR7145210001,487,S
976,145720,덴티움,KR7145720009,8943,S
978,145990,삼양사,KR7145990008,5115,S
979,145995,삼양사우,KR7145991006,112,S
991,155660,DSR,KR7155660004,614,S
998,161000,애경케미칼,KR7161000005,5458,S
999,161390,한국타이어앤테크놀로지,KR7161390000,51655,S
1001,161890,한국콜마,KR7161890009,17137,S
1002,163560,동일고무벨트,KR7163560006,1067,S
1008,170900,동아에스티,KR7170900005,6343,S
1011,175330,JB금융지주,KR7175330000,29321,S
1013,178920,PI첨단소재,KR7178920005,6357,S
1014,180640,한진칼,KR7180640005,58684,S
1015,18064K,한진칼우,KR718064K016,135,S
1017,181710,NHN,KR7181710005,5855,S
1020,183190,아세아시멘트,KR7183190008,4150,S
1024,185750,종근당,KR7185750007,15032,S
1027,192080,더블유게임즈,KR7192080000,10447,S
1029,192400,쿠쿠홀딩스,KR7192400000,8179,S
1030,192650,드림텍,KR7192650000,5910,S
1032,192820,코스맥스,KR7192820009,14777,S
1033,194370,제이에스코퍼레이션,KR7194370003,1934,S
1034,195870,해성디에스,KR7195870001,4777,S
1043,200880,서연이화,KR7200880003,3873,S
1046,204320,HL만도,KR7204320006,16669,S
1050,207940,삼성바이오로직스,KR7207940008,745191,S
1051,210540,디와이파워,KR7210540001,1369,S
1053,210980,SK디앤디,KR7210980009,1625,S
1056,213500,한솔제지,KR7213500002,2253,S
1059,214320,이노션,KR7214320004,7744,S
1060,214330,금호에이치티,KR7214330003,1223,S
1061,214390,경보제약,KR7214390007,1778,A
1062,214420,토니모리,KR7214420002,2350,S
1079,226320,잇츠한불,KR7226320000,2660,S
1088,227840,현대코퍼레이션홀딩스,KR7227840006,955,S
1094,229640,LS에코에너지,KR7229640008,8329,S
1100,234080,JW생명과학,KR7234080000,1749,S
1111,241560,두산밥캣,KR7241560002,41252,S
1112,241590,화승엔터프라이즈,KR7241590009,4635,S
1119,244920,에이플러스에셋,KR7244920005,946,S
1124,248070,솔루엠,KR7248070005,10001,S
1125,248170,샘표식품,KR7248170003,1283,S
1127,249420,일동제약,KR7249420001,4004,S
1130,251270,넷마블,KR7251270005,52001,S
1152,259960,크래프톤,KR7259960003,162370,S
1164,264900,크라운제과,KR7264900002,1102,S
1165,26490K,크라운제과우,KR726490K013,77,S
1174,267250,HD현대,KR7267250009,64695,S
1175,267260,HD현대일렉트릭,KR7267260008,112106,S
1176,267270,HD현대건설기계,KR7267270007,9262,S
1177,267290,경동도시가스,KR7267290005,1119,S
1182,267850,아시아나IDT,KR7267850006,1691,S
1183,268280,미원에스씨,KR7268280005,6750,S
1192,271560,오리온,KR7271560005,37124,S
1193,271940,일진하이솔루스,KR7271940009,7843,S
1194,271980,제일약품,KR7271980005,2160,S
1195,272210,한화시스템,KR7272210006,35573,S
1196,272450,진에어,KR7272450008,5308,S
1197,272550,삼양패키징,KR7272550005,2652,S
1218,278470,에이피알,KR7278470000,20079,S
1225,280360,롯데웰푸드,KR7280360009,13151,S
1229,281820,케이씨텍,KR7281820001,6832,S
1232,282330,BGF리테일,KR7282330000,20706,S
1233,282690,동아타이어,KR7282690007,1853,A
1236,284740,쿠쿠홈시스,KR7284740008,5093,S
1238,285130,SK케미칼,KR7285130001,8730,S
1239,28513K,SK케미칼우,KR728513K010,488,S
1241,286940,롯데이노베이트,KR7286940002,3600,S
1264,293480,하나제약,KR7293480000,2065,S
1267,294870,HDC현대산업개발,KR7294870001,14796,S
1271,298000,효성화학,KR7298000001,1740,S
1272,298020,효성티앤씨,KR7298020009,12723,S
1273,298040,효성중공업,KR7298040007,31516,S
1274,298050,효성첨단소재,KR7298050006,12857,S
1276,298690,에어부산,KR7298690009,2805,S
1280,300720,한일시멘트,KR7300720000,9419,S
1285,302440,SK바이오사이언스,KR7302440003,42024,S
1297,306200,세아제강,KR7306200007,3309,S
1303,307950,현대오토에버,KR7307950006,43604,S
1304,308170,씨티알모빌리티,KR7308170000,521,S
1315,316140,우리금융지주,KR7316140003,115398,S
1318,317400,자이에스앤디,KR7317400000,1623,S
1321,322000,HD현대에너지솔루션,KR7322000001,2906,S
1324,323410,카카오뱅크,KR7323410001,103024,S
1327,326030,SK바이오팜,KR7326030004,83090,S
1331,329180,HD현대중공업,KR7329180004,173817,S
1352,336260,두산퓨얼셀,KR7336260005,12345,S
1353,33626K,두산퓨얼셀1우,KR733626K013,744,S
1354,33626L,두산퓨얼셀2우B,KR733626K021,281,S
1355,336370,솔루스첨단소재,KR7336370002,8896,S
1356,33637K,솔루스첨단소재1우,KR733637K010,439,S
1357,33637L,솔루스첨단소재2우B,KR733637K028,224,S
1363,339770,교촌에프앤비,KR7339770000,2128,S
1365,344820,KCC글라스,KR7344820006,6436,S
1371,352820,하이브,KR7352820005,66518,S
1372,353200,대덕전자,KR7353200009,9611,S
1373,35320K,대덕전자1우,KR735320K011,175,S
1388,361610,SK아이이테크놀로지,KR7361610009,24811,S
1389,363280,티와이홀딩스,KR7363280009,1734,S
1390,36328K,티와이홀딩스우,KR736328K013,57,S
1418,372910,한컴라이프케어,KR7372910000,1058,S
1419,373220,LG에너지솔루션,KR7373220003,967590,S
1424,375500,DL이앤씨,KR7375500006,11511,S
1425,37550K,DL이앤씨우,KR737550K011,330,S
1426,37550L,DL이앤씨2우(전환),KR737550K029,437,S
1431,377300,카카오페이,KR7377300009,33112,S
1432,377740,바이오노트,KR7377740006,4602,S
1434,378850,화승알앤에이,KR7378850002,744,S
1444,381970,케이카,KR7381970003,6562,S
1445,383220,F&F,KR7383220001,24631,S
1446,383800,LX홀딩스,KR7383800000,5454,S
1447,38380K,LX홀딩스1우,KR738380K012,128,S
1496,402340,SK스퀘어,KR7402340004,103757,S
1499,403550,쏘카,KR7403550007,5865,S
1621,443060,HD현대마린솔루션,KR7443060009,48450,S
1630,446070,유니드비티플러스,KR7446070005,481,S
1661,450080,에코프로머티,KR7450080007,82539,S
1663,450140,코오롱모빌리티그룹,KR7450140009,1522,S
1664,45014K,코오롱모빌리티그룹우,KR745014K018,103,S
1677,452260,한화갤러리아,KR7452260003,2702,S
1678,45226K,한화갤러리아우,KR745226K018,75,S
1685,453340,현대그린푸드,KR7453340002,4018,S
1699,454910,두산로보틱스,KR7454910001,41873,S
1706,456040,OCI,KR7456040005,7323,S
1714,457190,이수스페셜티케미컬,KR7457190007,15889,S
1735,460850,동국씨엠,KR7460850001,1937,S
1736,460860,동국제강,KR7460860000,4365,S
1753,462520,조선내화,KR7462520008,2027,S
1755,462870,시프트업,KR7462870007,33367,S
1782,465770,STX그린로지스,KR7465770006,1036,S
1845,475150,SK이터닉스,KR7475150009,6199,S
1921,487570,HS효성,KR7487570004,1555,S
7,000250,삼천당제약,KR7000250001,30799,S
8,000440,중앙에너비스,KR7000440008,1345,S
9,001000,신라섬유,KR7001000009,279,S
10,001540,안국약품,KR7001540004,944,S
11,001810,무림SP,KR7001810001,366,S
12,001840,이화공영,KR7001840008,538,S
13,002230,피에스텍,KR7002230001,766,S
14,002290,삼일기업공사,KR7002290005,367,S
15,002680,한탑,KR7002680007,231,S
16,002800,신신제약,KR7002800001,990,S
17,003100,선광,KR7003100005,1060,S
18,003310,대주산업,KR7003310000,502,S
19,003380,하림지주,KR7003380003,5835,S
20,003800,에이스침대,KR7003800000,2977,S
21,004590,한국가구,KR7004590006,555,S
22,004650,창해에탄올,KR7004650008,864,S
23,004780,대륙제관,KR7004780003,640,S
24,005160,동국산업,KR7005160007,3428,S
25,005290,동진쎄미켐,KR7005290002,14473,S
26,005670,푸드웰,KR7005670005,511,S
27,005710,대원산업,KR7005710009,1188,S
28,005860,한일사료,KR7005860002,1696,S
29,005990,매일홀딩스,KR7005990007,1146,S
30,006050,국영지앤엠,KR7006050009,627,S
31,006140,피제이전자,KR7006140008,811,S
32,006620,동구바이오제약,KR7006620009,1665,S
33,006730,서부T&D,KR7006730006,4032,S
34,006910,보성파워텍,KR7006910004,1623,S
35,006920,모헨즈,KR7006920003,310,S
36,007330,푸른저축은행,KR7007330004,1309,S
37,007370,진양제약,KR7007370000,675,S
38,007390,네이처셀,KR7007390008,6326,S
39,007530,와이엠,KR7007530009,511,S
40,007680,대원,KR7007680002,580,S
41,007720,대명소노시즌,KR7007720006,718,S
42,007770,한일화학,KR7007770001,435,S
43,007820,에스엠코어,KR7007820004,927,S
44,008290,원풍물산,KR7008290009,228,S
45,008370,원풍,KR7008370009,577,S
46,008470,부스타,KR7008470007,341,S
47,008830,대동기어,KR7008830002,674,S
48,009300,삼아제약,KR7009300005,1363,S
49,009520,포스코엠텍,KR7009520008,7458,S
50,009620,삼보산업,KR7009620006,298,S
51,009730,이렘,KR7009730003,521,S
52,009780,엠에스씨,KR7009780008,894,S
53,010170,대한광통신,KR7010170009,746,S
54,010240,흥국,KR7010240000,599,S
55,010280,쌍용정보통신,KR7010280006,400,S
56,010470,오리콤,KR7010470003,789,S
57,011040,경동제약,KR7011040003,1910,S
58,011080,형지I&C,KR7011080009,219,S
59,011320,유니크,KR7011320009,847,S
60,011370,서한,KR7011370004,812,S
61,011560,세보엠이씨,KR7011560000,1029,S
62,012340,뉴인텍,KR7012340006,285,S
63,012620,원일특강,KR7012620001,316,S
64,012700,리드코프,KR7012700001,1225,S
65,012790,신일제약,KR7012790002,865,S
66,012860,모베이스전자,KR7012860003,1350,S
67,013030,하이록코리아,KR7013030002,3355,S
68,013120,동원개발,KR7013120001,2442,S
69,013310,아진산업,KR7013310008,1181,S
70,013720,CBI,KR7013720008,519,S
71,013810,스페코,KR7013810007,590,S
72,013990,아가방컴퍼니,KR7013990007,1471,S
73,014100,메디앙스,KR7014100002,271,S
74,014190,원익큐브,KR7014190003,597,S
75,014200,광림,KR7014200000,912,A
76,014470,부방,KR7014470009,1046,S
77,014570,고려제약,KR7014570006,562,S
78,014620,성광벤드,KR7014620009,4181,S
79,014940,오리엔탈정공,KR7014940001,1886,S
80,014970,삼륭물산,KR7014970008,591,S
81,015710,코콤,KR7015710007,736,S
82,015750,성우하이텍,KR7015750003,5336,S
83,016100,리더스코스메틱,KR7016100000,568,S
84,016250,SGC E&C,KR7016250003,504,S
85,016600,큐캐피탈,KR7016600009,536,S
86,016670,디모아,KR7016670002,243,S
87,016790,현대사료,KR7016790008,1873,A
88,016920,카스,KR7016920001,320,S
89,017000,신원종합개발,KR7017000001,408,S
90,017250,인터엠,KR7017250002,222,S
91,017480,삼현철강,KR7017480005,730,S
92,017510,세명전기,KR7017510009,875,S
93,017650,대림제지,KR7017650003,643,S
94,017890,한국알콜,KR7017890005,2052,S
95,018000,유니슨,KR7018000000,1350,S
96,018120,진로발효,KR7018120006,1149,S
97,018290,브이티,KR7018290007,12028,S
98,018310,삼목에스폼,KR7018310003,3520,S
99,018620,우진비앤지,KR7018620005,294,S
100,018680,서울제약,KR7018680009,427,S
101,018700,바른손,KR7018700005,397,S
102,019010,베뉴지,KR7019010008,1055,S
103,019210,와이지-원,KR7019210004,1776,S
104,019540,일지테크,KR7019540004,622,S
105,019550,SBI인베스트먼트,KR7019550003,1220,S
106,019570,플루토스,KR7019570001,250,S
107,019590,엠벤처투자,KR7019590009,1049,A
108,019660,글로본,KR7019660000,203,S
109,019770,서연탑메탈,KR7019770007,438,S
110,019990,에너토크,KR7019990001,629,S
111,020180,대신정보통신,KR7020180006,346,S
112,020400,대동금속,KR7020400008,210,S
113,020710,시공테크,KR7020710000,777,S
114,021040,대호특수강,KR7021040001,382,S
115,021045,대호특수강우,KR7021041009,32,S
116,021080,에이티넘인베스트,KR7021080007,1164,S
117,021320,KCC건설,KR7021320007,950,S
118,021650,한국큐빅,KR7021650007,408,S
119,021880,메이슨캐피탈,KR7021880000,480,S
120,022220,TKG애강,KR7022220008,570,S
121,023160,태광,KR7023160005,3853,S
122,023410,유진기업,KR7023410004,2682,S
123,023440,제이스코홀딩스,KR7023440001,818,S
124,023460,CNH,KR7023460009,129,S
125,023600,삼보판지,KR7023600000,1537,S
126,023760,한국캐피탈,KR7023760002,1798,S
127,023770,플레이위드,KR7023770001,484,S
128,023790,동일철강,KR7023790009,275,S
129,023900,풍국주정,KR7023900004,1306,S
130,023910,대한약품,KR7023910003,1560,S
131,024060,흥구석유,KR7024060006,2832,S
132,024120,KB오토시스,KR7024120008,438,S
133,024740,한일단조,KR7024740003,621,S
134,024800,유성티엔에스,KR7024800005,741,S
135,024810,이화전기,KR7024810004,1968,A
136,024830,세원물산,KR7024830002,548,S
137,024840,KBI메탈,KR7024840001,1092,S
138,024850,HLB이노베이션,KR7024850000,2677,S
139,024880,케이피에프,KR7024880007,863,S
140,024910,경창산업,KR7024910002,786,S
141,024940,PN풍년,KR7024940009,536,S
142,024950,삼천리자전거,KR7024950008,555,S
143,025320,시노펙스,KR7025320003,6202,S
144,025440,DH오토웨어,KR7025440009,353,S
145,025550,한국선재,KR7025550005,704,S
146,025770,한국정보통신,KR7025770009,3141,S
147,025870,신라에스지,KR7025870007,254,S
148,025880,케이씨피드,KR7025880006,484,S
149,025900,동화기업,KR7025900002,6405,S
150,025950,동신건설,KR7025950007,1618,S
151,025980,아난티,KR7025980004,4440,S
152,026040,제이에스티나,KR7026040006,285,S
153,026150,특수건설,KR7026150003,1049,S
154,026910,광진실업,KR7026910000,150,S
155,027040,서울전자통신,KR7027040005,195,S
156,027050,코리아나,KR7027050004,1100,S
157,027360,아주IB투자,KR7027360007,2410,S
158,027580,상보,KR7027580000,782,S
159,027710,팜스토리,KR7027710003,1503,S
160,027830,대성창투,KR7027830009,833,S
161,028080,휴맥스홀딩스,KR7028080000,359,S
162,028300,HLB,KR7028300002,115964,S
163,029480,광무,KR7029480001,1749,S
164,029960,코엔텍,KR7029960002,3720,S
165,030350,드래곤플라이,KR7030350003,176,S
166,030520,한글과컴퓨터,KR7030520001,4340,S
167,030530,원익홀딩스,KR7030530000,1903,S
168,030960,양지사,KR7030960009,1612,S
169,031310,아이즈비전,KR7031310006,480,S
170,031330,에스에이엠티,KR7031330004,3119,S
171,031510,오스템,KR7031510001,376,S
172,031860,에스유홀딩스,KR7031860000,188,S
173,031980,피에스케이홀딩스,KR7031980006,8819,S
174,032080,아즈텍WB,KR7032080004,248,S
175,032190,다우데이타,KR7032190001,4469,S
176,032280,삼일,KR7032280000,263,S
177,032300,한국파마,KR7032300006,1799,S
178,032500,케이엠더블유,KR7032500001,2946,S
179,032540,TJ미디어,KR7032540007,780,S
180,032580,피델릭스,KR7032580003,374,S
181,032620,유비케어,KR7032620007,2074,S
182,032680,소프트센,KR7032680001,511,S
183,032685,소프트센우,KR7032681009,28,S
184,032750,삼진,KR7032750002,432,S
185,032790,엠젠솔루션,KR7032790008,653,S
186,032800,판타지오,KR7032800005,372,S
187,032820,우리기술,KR7032820003,3614,S
188,032850,비트컴퓨터,KR7032850000,871,S
189,032860,더라미,KR7032860009,1470,A
190,032940,원익,KR7032940009,744,S
191,032960,동일기연,KR7032960007,458,S
192,032980,바이온,KR7032980005,378,S
193,033050,제이엠아이,KR7033050006,298,S
194,033100,제룡전기,KR7033100009,9589,S
195,033130,디지틀조선,KR7033130006,583,S
196,033160,엠케이전자,KR7033160003,1745,S
197,033170,시그네틱스,KR7033170002,904,S
198,033200,모아텍,KR7033200007,474,S
199,033230,인성정보,KR7033230004,1131,S
200,033290,코웰패션,KR7033290008,1280,S
201,033310,엠투엔,KR7033310004,897,S
202,033320,제이씨현시스템,KR7033320003,623,S
203,033340,좋은사람들,KR7033340001,658,S
204,033500,동성화인텍,KR7033500000,3511,S
205,033540,파라텍,KR7033540006,667,S
206,033560,블루콤,KR7033560004,632,S
207,033640,네패스,KR7033640004,2008,S
208,033790,피노,KR7033790007,2302,S
209,033830,티비씨,KR7033830001,708,S
210,034810,해성산업,KR7034810002,2132,S
211,03481K,해성산업1우,KR703481K019,108,S
212,034940,조아제약,KR7034940007,439,S
213,034950,한국기업평가,KR7034950006,3904,S
214,035080,그래디언트,KR7035080001,1797,S
215,035200,프럼파스트,KR7035200005,272,S
216,035290,골드앤에스,KR7035290006,233,S
217,035460,기산텔레콤,KR7035460005,253,S
218,035600,KG이니시스,KR7035600006,2678,S
219,035610,솔본,KR7035610005,1078,S
220,035620,바른손이앤에이,KR7035620004,368,S
221,035760,CJ ENM,KR7035760008,15065,S
222,035810,이지홀딩스,KR7035810001,1755,S
223,035890,서희건설,KR7035890003,3412,S
224,035900,JYP Ent.,KR7035900000,16895,S
225,036000,예림당,KR7036000008,383,S
226,036010,아비코전자,KR7036010007,786,S
227,036030,케이티알파,KR7036030005,1938,S
228,036090,위지트,KR7036090009,810,S
229,036120,SCI평가정보,KR7036120004,933,S
230,036170,클라우드에어,KR7036170009,552,S
231,036180,지더블유바이텍,KR7036180008,539,A
232,036190,금화피에스시,KR7036190007,1650,S
233,036200,유니셈,KR7036200004,2223,S
234,036220,오상헬스케어,KR7036220002,1889,S
235,036480,대성미생물,KR7036480002,382,S
236,036540,SFA반도체,KR7036540003,5937,S
237,036560,영풍정밀,KR7036560001,3583,S
238,036620,감성코퍼레이션,KR7036620003,3089,S
239,036630,세종텔레콤,KR7036630002,1050,S
240,036640,HRS,KR7036640001,892,S
241,036670,KCI,KR7036670008,866,S
242,036690,코맥스,KR7036690006,458,A
243,036710,심텍홀딩스,KR7036710002,821,S
244,036800,나이스정보통신,KR7036800001,1891,S
245,036810,에프에스티,KR7036810000,4819,S
246,036830,솔브레인홀딩스,KR7036830008,11802,S
247,036890,진성티이씨,KR7036890002,1926,S
248,036930,주성엔지니어링,KR7036930006,12124,S
249,037030,파워넷,KR7037030004,543,S
250,037070,파세코,KR7037070000,1224,S
251,037230,한국팩키지,KR7037230000,545,S
252,037330,인지디스플레,KR7037330008,713,S
253,037350,성도이엔지,KR7037350006,758,S
254,037370,EG,KR7037370004,631,S
255,037400,우리엔터프라이즈,KR7037400009,366,S
256,037440,희림,KR7037440005,715,S
257,037460,삼지전자,KR7037460003,1411,S
258,037760,쎄니트,KR7037760006,515,S
259,037950,엘컴텍,KR7037950003,1112,S
260,038010,제일테크노스,KR7038010005,640,S
261,038060,루멘스,KR7038060000,494,S
262,038070,서린바이오,KR7038070009,680,S
263,038110,에코플라스틱,KR7038110003,1290,S
264,038290,마크로젠,KR7038290003,1940,S
265,038340,MIT,KR7038340006,399,A
266,038390,레드캡투어,KR7038390001,1357,S
267,038460,바이오스마트,KR7038460002,873,S
268,038500,삼표시멘트,KR7038500005,3280,S
269,038530,케이바이오,KR7038530002,336,S
270,038540,상상인,KR7038540001,1023,S
271,038620,위즈코프,KR7038620001,414,S
272,038680,에스넷,KR7038680005,773,S
273,038870,에코바이오,KR7038870002,582,S
274,038880,아이에이,KR7038880001,712,S
275,038950,파인디지털,KR7038950002,414,S
276,039010,현대에이치티,KR7039010004,497,S
277,039020,이건홀딩스,KR7039020003,718,S
278,039030,이오테크닉스,KR7039030002,18774,S
279,039200,오스코텍,KR7039200001,13060,S
280,039240,경남스틸,KR7039240007,778,S
281,039290,인포뱅크,KR7039290002,577,S
282,039310,세중,KR7039310008,290,S
283,039340,한국경제TV,KR7039340005,1262,S
284,039420,케이엘넷,KR7039420005,630,S
285,039440,에스티아이,KR7039440003,3181,S
286,039560,다산네트웍스,KR7039560008,1291,S
287,039610,화성밸브,KR7039610001,1249,S
288,039740,한국정보공학,KR7039740006,207,S
289,039830,오로라,KR7039830005,581,S
290,039840,디오,KR7039840004,2460,S
291,039860,나노엔텍,KR7039860002,1021,S
292,039980,폴라리스AI,KR7039980008,1894,S
293,040160,누리플렉스,KR7040160004,327,S
294,040300,YTN,KR7040300006,1304,S
295,040350,크레오에스지,KR7040350001,1123,S
296,040420,정상제이엘에스,KR7040420002,1014,S
297,040610,SG&G,KR7040610008,548,S
298,040910,아이씨디,KR7040910002,1103,S
299,041020,폴라리스오피스,KR7041020009,2759,S
300,041190,우리기술투자,KR7041190000,6048,S
301,041440,현대에버다임,KR7041440009,1409,S
302,041460,한국전자인증,KR7041460007,667,S
303,041510,에스엠,KR7041510009,14409,S
304,041520,이엘씨,KR7041520008,694,S
305,041590,플래스크,KR7041590001,1039,A
306,041830,인바디,KR7041830001,3284,S
307,041910,폴라리스AI파마,KR7041910001,863,S
308,041920,메디아나,KR7041920000,961,S
309,041930,동아화성,KR7041930009,1093,S
310,041960,코미팜,KR7041960006,2824,S
311,042000,카페24,KR7042000000,7045,S
312,042040,케이피엠테크,KR7042040006,528,S
313,042110,에스씨디,KR7042110007,708,S
314,042370,비츠로테크,KR7042370007,1993,S
315,042420,네오위즈홀딩스,KR7042420000,1689,S
316,042500,링네트,KR7042500009,917,S
317,042510,라온시큐어,KR7042510008,1162,S
318,042520,한스바이오메드,KR7042520007,1347,S
319,042600,새로닉스,KR7042600007,1626,S
320,042940,상지건설,KR7042940007,250,S
321,043090,더테크놀로지,KR7043090000,294,S
322,043100,알파녹스,KR7043100007,239,A
323,043150,바텍,KR7043150002,3587,S
324,043200,파루,KR7043200005,233,S
325,043220,티에스넥스젠,KR7043220003,911,S
326,043260,성호전자,KR7043260009,988,S
327,043340,에쎈테크,KR7043340009,482,S
328,043360,디지아이,KR7043360007,203,S
329,043370,피에이치에이,KR7043370006,2097,S
330,043590,웰킵스하이텍,KR7043590009,212,S
331,043610,지니뮤직,KR7043610005,1441,S
332,043650,국순당,KR7043650001,877,S
333,043710,서울리거,KR7043710003,352,S
334,043910,자연과환경,KR7043910009,776,S
335,044060,조광ILI,KR7044060002,700,A
336,044180,KD,KR7044180008,123,S
337,044340,위닉스,KR7044340008,1102,S
338,044480,빌리언스,KR7044480002,258,S
339,044490,태웅,KR7044490001,3061,S
340,044780,에이치케이,KR7044780005,247,S
341,044960,이글벳,KR7044960003,637,S
342,045060,오공,KR7045060001,463,S
343,045100,한양이엔지,KR7045100005,3229,S
344,045300,성우테크론,KR7045300001,290,S
345,045340,토탈소프트,KR7045340007,413,S
346,045390,대아티아이,KR7045390002,1878,S
347,045510,정원엔시스,KR7045510005,285,S
348,045520,크린앤사이언스,KR7045520004,349,S
349,045660,에이텍,KR7045660008,1230,S
350,045970,코아시아,KR7045970001,1394,S
351,046070,코다코,KR7046070009,109,A
352,046120,오르비텍,KR7046120002,628,S
353,046210,HLB파나진,KR7046210001,1378,S
354,046310,백금T&A,KR7046310009,402,S
355,046390,삼화네트웍스,KR7046390001,622,S
356,046440,KG모빌리언스,KR7046440004,1770,S
357,046890,서울반도체,KR7046890000,5043,S
358,046940,우원개발,KR7046940003,486,S
359,046970,우리로,KR7046970000,486,S
360,047080,한빛소프트,KR7047080007,388,S
361,047310,파워로직스,KR7047310008,1998,S
362,047560,이스트소프트,KR7047560008,1668,S
363,047770,코데즈컴바인,KR7047770003,656,S
364,047820,초록뱀미디어,KR7047820006,1320,A
365,047920,HLB제약,KR7047920004,8522,S
366,048410,현대바이오,KR7048410005,7769,S
367,048430,유라테크,KR7048430003,792,S
368,048470,대동스틸,KR7048470009,368,S
369,048530,인트론바이오,KR7048530000,1997,S
370,048550,SM C&C,KR7048550008,1648,S
371,048770,TPC,KR7048770002,427,S
372,048830,엔피케이,KR7048830004,231,S
373,048870,시너지이노베이션,KR7048870000,2489,S
374,048910,대원미디어,KR7048910004,1061,S
375,049070,인탑스,KR7049070006,3930,S
376,049080,기가레인,KR7049080005,636,S
377,049120,파인디앤씨,KR7049120009,599,S
378,049180,셀루메드,KR7049180003,1540,S
379,049430,코메론,KR7049430002,923,S
380,049470,SGA,KR7049470008,212,S
381,049480,오픈베이스,KR7049480007,728,S
382,049520,유아이엘,KR7049520000,1156,S
383,049550,잉크테크,KR7049550007,784,S
384,049630,재영솔루텍,KR7049630007,547,S
385,049720,고려신용정보,KR7049720006,1455,S
386,049830,승일,KR7049830003,428,S
387,049950,미래컴퍼니,KR7049950009,1767,S
388,049960,쎌바이오텍,KR7049960008,1296,S
389,050090,비케이홀딩스,KR7050090000,164,S
390,050110,캠시스,KR7050110006,823,S
391,050120,ES큐브,KR7050120005,275,S
392,050760,에스폴리텍,KR7050760008,273,S
393,050860,아세아텍,KR7050860006,475,S
394,050890,쏠리드,KR7050890003,2803,S
395,050960,수산아이앤티,KR7050960004,677,S
396,051160,지어소프트,KR7051160000,1516,S
397,051360,토비스,KR7051360006,3154,S
398,051370,인터플렉스,KR7051370005,2615,S
399,051380,피씨디렉트,KR7051380004,383,S
400,051390,YW,KR7051390003,415,S
401,051490,나라엠앤디,KR7051490001,664,S
402,051500,CJ프레시웨이,KR7051500007,2200,S
403,051780,큐로홀딩스,KR7051780005,328,S
404,051980,중앙첨단소재,KR7051980001,10495,S
405,052020,에스티큐브,KR7052020005,2694,S
406,052220,iMBC,KR7052220001,621,S
407,052260,현대바이오랜드,KR7052260007,1740,S
408,052300,씨티프라퍼티,KR7052300001,469,S
409,052330,코텍,KR7052330008,1217,S
410,052400,코나아이,KR7052400009,2212,S
411,052420,오성첨단소재,KR7052420007,1830,S
412,052460,아이크래프트,KR7052460003,343,S
413,052600,한네트,KR7052600004,511,S
414,052670,제일바이오,KR7052670007,605,A
415,052710,아모텍,KR7052710001,533,S
416,052770,아이톡시,KR7052770005,635,S
417,052790,액토즈소프트,KR7052790003,748,S
418,052860,아이앤씨,KR7052860004,305,S
419,052900,KX하이텍,KR7052900008,552,S
420,053030,바이넥스,KR7053030003,7765,S
421,053050,지에스이,KR7053050001,1169,S
422,053060,세동,KR7053060000,189,S
423,053080,케이엔솔,KR7053080008,2161,S
424,053160,프리엠스,KR7053160008,580,S
425,053260,금강철강,KR7053260006,893,S
426,053270,구영테크,KR7053270005,657,S
427,053280,예스24,KR7053280004,1335,S
428,053290,NE능률,KR7053290003,627,S
429,053300,한국정보인증,KR7053300000,1714,S
430,053350,이니텍,KR7053350005,698,S
431,053450,세코닉스,KR7053450003,813,S
432,053580,웹케시,KR7053580007,1024,S
433,053590,한국테크놀로지,KR7053590006,32,S
434,053610,프로텍,KR7053610002,3135,S
435,053620,태양,KR7053620001,515,S
436,053700,삼보모터스,KR7053700001,1034,S
437,053800,안랩,KR7053800009,5317,S
438,053950,경남제약,KR7053950002,273,S
439,053980,오상자이엘,KR7053980009,727,S
440,054040,한국컴퓨터,KR7054040001,898,S
441,054050,농우바이오,KR7054050000,1187,S
442,054090,삼진엘앤디,KR7054090006,257,S
443,054180,메디콕스,KR7054180005,257,S
444,054210,이랜텍,KR7054210000,1520,S
445,054220,비츠로시스,KR7054220009,240,S
446,054300,팬스타엔터프라이즈,KR7054300009,326,S
447,054410,케이피티유,KR7054410006,243,S
448,054450,텔레칩스,KR7054450002,2083,S
449,054540,삼영엠텍,KR7054540000,550,S
450,054620,APS,KR7054620000,1080,S
451,054630,에이디칩스,KR7054630009,125,A
452,054670,대한뉴팜,KR7054670005,1220,S
453,054780,키이스트,KR7054780002,881,S
454,054800,아이디스홀딩스,KR7054800008,947,S
455,054920,한컴위드,KR7054920004,744,S
456,054930,유신,KR7054930003,666,S
457,054940,엑사이엔씨,KR7054940002,251,S
458,054950,제이브이엠,KR7054950001,2569,S
459,056080,유진로봇,KR7056080005,2220,S
460,056090,이노시스,KR7056090004,1287,S
461,056190,에스에프에이,KR7056190002,9515,S
462,056360,코위버,KR7056360001,444,S
463,056700,신화인터텍,KR7056700008,501,S
464,056730,CNT85,KR7056730005,598,S
465,057030,YBM넷,KR7057030009,620,S
466,057540,옴니시스템,KR7057540007,497,S
467,057680,티사이언티픽,KR7057680001,637,S
468,057880,푸른소나무,KR7057880007,2160,A
469,058110,멕아이씨에스,KR7058110008,397,S
470,058400,KNN,KR7058400003,960,S
471,058450,한주에이알티,KR7058450008,418,S
472,058470,리노공업,KR7058470006,29996,S
473,058610,에스피지,KR7058610007,5200,S
474,058630,엠게임,KR7058630005,1186,S
475,058820,CMG제약,KR7058820002,3027,S
476,058970,엠로,KR7058970005,6306,S
477,059090,미코,KR7059090001,3318,S
478,059100,아이컴포넌트,KR7059100008,329,S
479,059120,아진엑스텍,KR7059120006,798,S
480,059210,메타바이오메드,KR7059210005,942,S
481,059270,해성에어로보틱스,KR7059270009,906,S
482,060150,인선이엔티,KR7060150000,2733,S
483,060230,소니드,KR7060230000,473,A
484,060240,스타코링크,KR7060240009,291,S
485,060250,NHN KCP,KR7060250008,3040,S
486,060260,뉴보텍,KR7060260007,99,S
487,060280,큐렉소,KR7060280005,3139,S
488,060310,3S,KR7060310000,1093,S
489,060370,LS마린솔루션,KR7060370004,5350,S
490,060380,동양에스텍,KR7060380003,312,S
491,060480,국일신동,KR7060480001,227,S
492,060540,에스에이티,KR7060540002,406,S
493,060560,홈센타홀딩스,KR7060560000,1307,S
494,060570,드림어스컴퍼니,KR7060570009,1458,S
495,060590,씨티씨바이오,KR7060590007,1753,S
496,060720,KH바텍,KR7060720000,2429,S
497,060850,영림원소프트랩,KR7060850005,571,S
498,060900,DGP,KR7060900008,291,S
499,061040,알에프텍,KR7061040002,1042,S
500,061250,화일약품,KR7061250007,1222,S
501,061970,LB세미콘,KR7061970000,1841,S
502,062860,티엘아이,KR7062860002,572,A
503,062970,피피아이,KR7062970009,221,S
504,063080,컴투스홀딩스,KR7063080006,1450,S
505,063170,서울옥션,KR7063170005,1411,S
506,063440,SM Life Design,KR7063440002,627,S
507,063570,한국전자금융,KR7063570006,1615,S
508,063760,이엘피,KR7063760003,232,S
509,064090,인크레더블버즈,KR7064090004,2081,S
510,064240,홈캐스트,KR7064240005,960,S
511,064260,다날,KR7064260003,2309,S
512,064290,인텍플러스,KR7064290000,1770,S
513,064480,브리지텍,KR7064480007,816,S
514,064520,테크엘,KR7064520000,566,S
515,064550,바이오니아,KR7064550007,7226,S
516,064760,티씨케이,KR7064760002,10904,S
517,064800,포니링크,KR7064800006,1804,S
518,064820,케이프,KR7064820004,1514,S
519,064850,에프앤가이드,KR7064850001,4375,S
520,065060,지엔코,KR7065060006,361,S
521,065130,탑엔지니어링,KR7065130007,714,S
522,065150,대산F&B,KR7065150005,181,A
523,065170,비엘팜텍,KR7065170003,362,S
524,065350,신성델타테크,KR7065350001,12766,S
525,065370,위세아이텍,KR7065370009,340,S
526,065420,에스아이리소스,KR7065420002,233,S
527,065440,이루온,KR7065440000,355,S
528,065450,빅텍,KR7065450009,1428,S
529,065500,오리엔트정공,KR7065500001,405,S
530,065510,휴비츠,KR7065510000,1203,S
531,065530,와이어블,KR7065530008,747,S
532,065570,삼영이엔씨,KR7065570004,233,S
533,065650,하이퍼코퍼레이션,KR7065650004,1292,S
534,065660,안트로젠,KR7065660003,1367,S
535,065680,우주일렉트로,KR7065680001,1467,S
536,065690,파커스,KR7065690000,146,S
537,065710,서호전기,KR7065710006,1027,S
538,065770,CS,KR7065770000,209,S
539,065950,웰크론,KR7065950008,688,S
540,066130,하츠,KR7066130006,666,S
541,066310,큐에스아이,KR7066310004,674,S
542,066360,체리부로,KR7066360009,397,S
543,066410,버킷스튜디오,KR7066410002,969,A
544,066430,와이오엠,KR7066430000,220,S
545,066590,우수AMS,KR7066590001,1211,S
546,066620,국보디자인,KR7066620006,1285,S
547,066670,디티씨,KR7066670001,653,S
548,066700,테라젠이텍스,KR7066700006,1144,S
549,066790,씨씨에스,KR7066790007,1164,S
550,066900,디에이피,KR7066900002,463,S
551,066910,손오공,KR7066910001,585,S
552,066980,한성크린텍,KR7066980004,915,S
553,067000,조이시티,KR7067000000,1221,S
554,067010,이씨에스,KR7067010009,362,S
555,067080,대화제약,KR7067080002,1900,S
556,067160,SOOP,KR7067160002,11908,S
557,067170,오텍,KR7067170001,544,S
558,067280,멀티캠퍼스,KR7067280008,1813,S
559,067290,JW신약,KR7067290007,877,S
560,067310,하나마이크론,KR7067310003,7711,S
561,067370,선바이오,KR7067370007,837,S
562,067390,아스트,KR7067390005,1916,S
563,067570,엔브이에이치코리아,KR7067570002,1073,S
564,067630,HLB생명과학,KR7067630004,13505,S
565,067730,로지시스,KR7067730002,255,S
566,067770,세진티에스,KR7067770008,212,S
567,067900,와이엔텍,KR7067900001,1195,S
568,067920,이글루,KR7067920009,576,S
569,067990,도이치모터스,KR7067990002,1412,S
570,068050,팬엔터테인먼트,KR7068050004,607,S
571,068100,케이웨더,KR7068100007,414,S
572,068240,다원시스,KR7068240001,4320,S
573,068330,일신바이오,KR7068330000,620,S
574,068760,셀트리온제약,KR7068760008,28995,S
575,068790,DMS,KR7068790005,1444,S
576,068930,디지털대성,KR7068930007,1951,S
577,068940,셀피글로벌,KR7068940006,297,A
578,069080,웹젠,KR7069080000,5773,S
579,069140,누리플랜,KR7069140002,189,S
580,069330,유아이디,KR7069330009,184,S
581,069410,엔텔스,KR7069410009,313,S
582,069510,에스텍,KR7069510006,1169,S
583,069540,빛과전자,KR7069540003,618,S
584,069920,엑시온그룹,KR7069920007,529,S
585,070300,엑스큐어,KR7070300009,378,S
586,070590,한솔인티큐브,KR7070590005,157,S
587,071200,인피니트헬스케어,KR7071200000,1069,S
588,071280,로체시스템즈,KR7071280002,2589,S
589,071460,위니아,KR7071460000,220,A
590,071670,에이테크솔루션,KR7071670004,660,S
591,071850,캐스텍코리아,KR7071850002,554,S
592,072020,중앙백신,KR7072020001,995,S
593,072470,우리산업홀딩스,KR7072470008,594,S
594,072520,제넨바이오,KR7072520000,288,A
595,072770,율호,KR7072770001,1441,S
596,072870,메가스터디,KR7072870009,1343,S
597,072950,빛샘전자,KR7072950009,341,S
598,072990,에이치시티,KR7072990005,734,S
599,073010,케이에스피,KR7073010001,1493,S
600,073110,엘엠에스,KR7073110009,569,S
601,073190,듀오백,KR7073190001,287,S
602,073490,이노와이어리스,KR7073490005,1269,S
603,073540,에프알텍,KR7073540007,146,S
604,073560,우리손에프앤지,KR7073560005,952,S
605,073570,리튬포어스,KR7073570004,968,S
606,073640,테라사이언스,KR7073640005,625,A
607,074430,아미노로직스,KR7074430000,1023,S
608,074600,원익QnC,KR7074600008,6572,S
609,075130,플랜티넷,KR7075130005,374,S
610,075970,동국알앤에스,KR7075970004,456,S
611,076080,웰크론한텍,KR7076080001,369,S
612,076610,해성옵틱스,KR7076610005,319,S
613,077360,덕산하이메탈,KR7077360006,2299,S
614,078020,LS증권,KR7078020005,2577,S
615,078070,유비쿼스홀딩스,KR7078070000,1778,S
616,078130,국일제지,KR7078130002,9019,A
617,078140,대봉엘에스,KR7078140001,2572,S
618,078150,HB테크놀러지,KR7078150000,2322,S
619,078160,메디포스트,KR7078160009,2018,S
620,078340,컴투스,KR7078340007,4980,S
621,078350,한양디지텍,KR7078350006,2015,S
622,078590,휴림에이텍,KR7078590007,353,S
623,078600,대주전자재료,KR7078600004,16935,S
624,078860,엔에스이엔엠,KR7078860004,1009,S
625,078890,가온그룹,KR7078890001,699,S
626,078940,퀀타피아,KR7078940004,1515,A
627,079000,와토스코리아,KR7079000006,362,S
628,079170,한창산업,KR7079170007,395,S
629,079190,케스피온,KR7079190005,235,S
630,079370,제우스,KR7079370003,4150,S
631,079650,서산,KR7079650008,236,S
632,079810,디이엔티,KR7079810008,1821,S
633,079940,가비아,KR7079940003,1834,S
634,079950,인베니아,KR7079950002,191,S
635,079960,동양이엔피,KR7079960001,1499,S
636,079970,투비소프트,KR7079970000,122,S
637,080000,에스엔유,KR7080000003,641,S
638,080010,이상네트웍스,KR7080010002,526,S
639,080160,모두투어,KR7080160005,1959,S
640,080220,제주반도체,KR7080220007,4381,S
641,080420,모다이노칩,KR7080420003,1533,S
642,080470,성창오토텍,KR7080470008,297,S
643,080520,오디텍,KR7080520000,435,S
644,080530,코디,KR7080530009,723,S
645,080580,오킨스전자,KR7080580004,967,S
646,080720,한국유니온제약,KR7080720006,224,S
647,081150,티플랙스,KR7081150005,674,S
648,081580,성우전자,KR7081580003,704,S
649,082210,옵트론텍,KR7082210006,632,S
650,082270,젬백스,KR7082270000,7866,S
651,082660,코스나인,KR7082660002,478,A
652,082800,비보존 제약,KR7082800004,1801,S
653,082850,우리바이오,KR7082850009,2413,S
654,082920,비츠로셀,KR7082920000,4176,S
655,083310,엘오티베큠,KR7083310003,1887,S
656,083450,GST,KR7083450007,3058,S
657,083470,이엠앤아이,KR7083470005,287,S
658,083500,에프엔에스테크,KR7083500009,899,S
659,083550,케이엠,KR7083550004,406,S
660,083640,인콘,KR7083640003,279,S
661,083650,비에이치아이,KR7083650002,2376,S
662,083660,CSA 코스믹,KR7083660001,540,S
663,083790,CG인바이츠,KR7083790006,1783,S
664,083930,아바코,KR7083930008,2093,S
665,084110,휴온스글로벌,KR7084110006,3849,S
666,084180,수성웹툰,KR7084180009,686,S
667,084370,유진테크,KR7084370006,8811,S
668,084440,유비온,KR7084440007,168,S
669,084650,랩지노믹스,KR7084650001,2152,S
670,084730,팅크웨어,KR7084730001,1299,S
671,084850,아이티엠반도체,KR7084850007,4718,S
672,084990,헬릭스미스,KR7084990001,1585,S
673,085660,차바이오텍,KR7085660009,9866,S
674,085670,뉴프렉스,KR7085670008,1205,S
675,085810,알티캐스트,KR7085810000,383,S
676,085910,네오티스,KR7085910008,470,S
677,086040,바이오톡스텍,KR7086040003,687,S
678,086060,진바이오텍,KR7086060001,307,S
679,086390,유니테스트,KR7086390002,1954,S
680,086450,동국제약,KR7086450004,7544,S
681,086520,에코프로,KR7086520004,118493,S
682,086670,비엠티,KR7086670007,892,S
683,086710,선진뷰티사이언스,KR7086710001,1386,S
684,086820,바이오솔루션,KR7086820008,1096,S
685,086890,이수앱지스,KR7086890001,2265,S
686,086900,메디톡스,KR7086900008,13830,S
687,086960,MDS테크,KR7086960002,1054,S
688,086980,쇼박스,KR7086980000,2308,S
689,087010,펩트론,KR7087010005,9894,S
690,087260,모바일어플라이언스,KR7087260006,813,S
691,087600,픽셀플러스,KR7087600003,594,S
692,088130,동아엘텍,KR7088130000,980,S
693,088280,쏘닉스,KR7088280003,449,S
694,088290,이원컴포텍,KR7088290002,416,S
695,088340,유라클,KR7088340005,562,S
696,088390,이녹스,KR7088390000,1176,S
697,088800,에이스테크,KR7088800008,523,S
698,088910,동우팜투테이블,KR7088910005,514,S
699,089010,켐트로닉스,KR7089010003,3143,S
700,089030,테크윙,KR7089030001,13409,S
701,089140,넥스턴바이오,KR7089140008,327,S
702,089150,케이씨티,KR7089150007,394,S
703,089230,THE E&M,KR7089230007,297,S
704,089600,나스미디어,KR7089600001,1817,S
705,089790,제이티,KR7089790000,535,S
706,089850,유비벨록스,KR7089850002,1067,S
707,089890,코세스,KR7089890008,1495,S
708,089970,브이엠,KR7089970008,2200,S
709,089980,상아프론테크,KR7089980007,3693,S
710,090150,아이윈,KR7090150004,430,S
711,090360,로보스타,KR7090360009,2218,S
712,090410,덕신이피씨,KR7090410002,668,S
713,090470,제이스텍,KR7090470006,896,S
714,090710,휴림로봇,KR7090710005,1517,S
715,090850,현대이지웰,KR7090850009,1203,S
716,091120,이엠텍,KR7091120006,4403,S
717,091340,S&K폴리텍,KR7091340000,310,S
718,091440,한울소재과학,KR7091440008,891,S
719,091580,상신이디피,KR7091580001,1575,S
720,091590,남화토건,KR7091590000,481,S
721,091700,파트론,KR7091700005,4383,S
722,091970,나노캠텍,KR7091970004,263,S
723,092040,아미코젠,KR7092040005,2646,S
724,092070,디엔에프,KR7092070002,1396,S
725,092130,이크레더블,KR7092130004,1537,S
726,092190,서울바이오시스,KR7092190008,1779,S
727,092300,현우산업,KR7092300003,572,S
728,092460,한라IMS,KR7092460005,1146,S
729,092600,앤씨앤,KR7092600006,285,S
730,092730,네오팜,KR7092730001,1895,S
731,092870,엑시콘,KR7092870005,1539,S
732,093190,빅솔론,KR7093190007,921,S
733,093320,케이아이엔엑스,KR7093320000,3577,S
734,093380,풍강,KR7093380004,316,S
735,093520,매커스,KR7093520005,1498,S
736,093640,케이알엠,KR7093640001,1737,S
737,093920,서원인텍,KR7093920007,1050,S
738,094170,동운아나텍,KR7094170008,3725,S
739,094360,칩스앤미디어,KR7094360005,2994,S
740,094480,갤럭시아머니트리,KR7094480001,3585,S
741,094820,일진파워,KR7094820008,1417,S
742,094840,슈프리마에이치큐,KR7094840006,624,S
743,094850,참좋은여행,KR7094850005,704,S
744,094860,네오리진,KR7094860004,289,S
745,094940,푸른기술,KR7094940004,556,S
746,094970,제이엠티,KR7094970001,592,S
747,095190,이엠코리아,KR7095190005,953,S
748,095270,웨이브일렉트로,KR7095270005,668,S
749,095340,ISC,KR7095340006,11721,S
750,095500,미래나노텍,KR7095500005,3575,S
751,095610,테스,KR7095610002,3307,S
752,095660,네오위즈,KR7095660007,4682,S
753,095700,제넥신,KR7095700001,2619,S
754,095910,에스에너지,KR7095910006,314,S
755,096040,이트론,KR7096040001,2455,A
756,096240,크레버스,KR7096240007,1786,S
757,096350,대창솔루션,KR7096350004,635,S
758,096530,씨젠,KR7096530001,13422,S
759,096610,알에프세미,KR7096610001,515,A
760,096630,에스코넥,KR7096630009,645,S
761,096690,에이루트,KR7096690003,450,S
762,096870,엘디티,KR7096870001,157,S
763,097780,에코볼트,KR7097780001,605,S
764,097800,윈팩,KR7097800007,1614,S
765,097870,효성오앤비,KR7097870000,567,S
766,098120,마이크로컨텍솔,KR7098120009,472,S
767,098460,고영,KR7098460009,7037,S
768,098660,에스티오,KR7098660004,378,S
769,099190,아이센스,KR7099190001,4706,S
770,099220,SDN,KR7099220006,859,S
771,099320,쎄트렉아이,KR7099320004,3931,S
772,099390,브레인즈컴퍼니,KR7099390007,515,S
773,099410,동방선기,KR7099410003,367,S
774,099430,바이오플러스,KR7099430001,3006,S
775,099440,스맥,KR7099440000,1223,S
776,099520,DGI,KR7099520009,581,A
777,099750,이지케어텍,KR7099750002,1081,S
778,100030,인지소프트,KR7100030006,600,S
779,100120,뷰웍스,KR7100120005,2740,S
780,100130,동국S&C,KR7100130004,1677,S
781,100590,머큐리,KR7100590009,543,S
782,100660,서암기계공업,KR7100660000,532,S
783,100700,세운메디칼,KR7100700004,1200,S
784,100790,미래에셋벤처투자,KR7100790005,2799,S
785,101000,KS인더스트리,KR7101000008,670,S
786,101160,월덱스,KR7101160000,3279,S
787,101170,우림피티에스,KR7101170009,758,S
788,101240,씨큐브,KR7101240000,573,S
789,101330,모베이스,KR7101330009,778,S
790,101360,에코앤드림,KR7101360006,7905,S
791,101390,아이엠,KR7101390003,347,S
792,101400,엔시트론,KR7101400000,295,S
793,101490,에스앤에스텍,KR7101490001,5427,S
794,101670,하이드로리튬,KR7101670008,1517,S
795,101680,한국정밀기계,KR7101680007,226,S
796,101730,위메이드맥스,KR7101730000,3466,S
797,101930,인화정공,KR7101930006,2004,S
798,102120,어보브반도체,KR7102120003,1943,S
799,102370,케이옥션,KR7102370004,1494,S
800,102710,이엔에프테크놀로지,KR7102710001,3250,S
801,102940,코오롱생명과학,KR7102940004,2331,S
802,103230,에스앤더블류,KR7103230009,268,S
803,103840,우양,KR7103840005,715,S
804,104040,대성파인텍,KR7104040001,362,S
805,104200,NHN벅스,KR7104200001,564,S
806,104460,디와이피엔에프,KR7104460001,1430,S
807,104480,티케이케미칼,KR7104480009,1255,S
808,104540,코렌텍,KR7104540000,797,S
809,104620,노랑풍선,KR7104620000,809,S
810,104830,원익머트리얼즈,KR7104830005,3284,S
811,105330,케이엔더블유,KR7105330005,746,S
812,105550,엣지파운드리,KR7105550008,1345,S
813,105740,디케이락,KR7105740005,836,S
814,105760,포스뱅크,KR7105760003,686,S
815,106080,하이소닉,KR7106080005,460,S
816,106190,하이텍팜,KR7106190002,1371,S
817,106240,파인테크닉스,KR7106240005,178,S
818,106520,노블엠앤비,KR7106520000,159,A
819,107600,새빗켐,KR7107600009,1244,S
820,107640,한중엔시에스,KR7107640005,4250,S
821,108230,톱텍,KR7108230004,2159,S
822,108380,대양전기공업,KR7108380007,1173,S
823,108490,로보티즈,KR7108490004,2504,S
824,108860,셀바스AI,KR7108860008,3070,S
825,109080,옵티시스,KR7109080002,410,S
826,109610,에스와이,KR7109610006,1882,S
827,109670,씨싸이트,KR7109670000,662,S
828,109740,디에스케이,KR7109740001,1329,S
829,109820,진매트릭스,KR7109820001,588,S
830,109860,동일금속,KR7109860007,807,S
831,109960,AP헬스케어,KR7109960005,598,S
832,110020,전진바이오팜,KR7110020005,255,S
833,110790,크리스에프앤씨,KR7110790003,1506,S
834,110990,디아이티,KR7110990009,2785,S
835,111710,남화산업,KR7111710000,1001,S
836,111870,KH 미래물산,KR7111870002,439,A
837,112040,위메이드,KR7112040001,11814,S
838,112290,와이씨켐,KR7112290002,1790,S
839,113810,디젠스,KR7113810006,274,S
840,114190,강원에너지,KR7114190002,3317,S
841,114450,그린생명과학,KR7114450000,434,S
842,114630,폴라리스우노,KR7114630007,439,S
843,114810,한솔아이원스,KR7114810005,2387,S
844,114840,아이패밀리에스씨,KR7114840002,4322,S
845,115160,휴맥스,KR7115160004,805,S
846,115180,큐리언트,KR7115180002,1370,S
847,115310,인포바인,KR7115310005,643,S
848,115440,우리넷,KR7115440000,731,S
849,115450,HLB테라퓨틱스,KR7115450009,7805,S
850,115480,씨유메디칼,KR7115480006,358,S
851,115500,케이씨에스,KR7115500001,698,S
852,115530,씨엔플러스,KR7115530008,381,S
853,115570,스타플렉스,KR7115570004,251,S
854,115610,이미지스,KR7115610008,396,S
855,117670,알파홀딩스,KR7117670000,377,A
856,117730,티로보틱스,KR7117730002,1516,S
857,118990,모트렉스,KR7118990001,2958,S
858,119500,포메탈,KR7119500007,338,S
859,119610,인터로조,KR7119610004,3290,A
860,119830,아이텍,KR7119830008,1151,S
861,119850,지엔씨에너지,KR7119850006,904,S
862,119860,커넥트웨이브,KR7119860005,0,A
863,120240,대정화금,KR7120240007,1076,S
864,121440,골프존뉴딘홀딩스,KR7121440002,1722,S
865,121600,나노신소재,KR7121600001,11098,S
866,121800,비덴트,KR7121800007,2563,A
867,121850,코이즈,KR7121850002,279,S
868,121890,에스디시스템,KR7121890008,204,S
869,122310,제노레이,KR7122310006,911,S
870,122350,삼기,KR7122350002,581,S
871,122450,KX,KR7122450000,1704,S
872,122640,예스티,KR7122640006,3221,S
873,122690,서진오토모티브,KR7122690001,543,S
874,122870,와이지엔터테인먼트,KR7122870009,6382,S
875,122990,와이솔,KR7122990005,1778,S
876,123010,아이윈플러스,KR7123010001,271,S
877,123040,엠에스오토텍,KR7123040008,2386,S
878,123330,제닉,KR7123330003,1314,S
879,123410,코리아에프티,KR7123410003,1765,S
880,123420,위메이드플레이,KR7123420002,1018,S
881,123570,이엠넷,KR7123570004,586,S
882,123750,알톤,KR7123750002,207,S
883,123840,뉴온,KR7123840001,631,S
884,123860,아나패스,KR7123860009,2485,S
885,124500,아이티센,KR7124500000,1378,S
886,124560,태웅로직스,KR7124560004,1212,S
887,125210,아모그린텍,KR7125210005,1255,S
888,126340,비나텍,KR7126340009,2406,S
889,126600,BGF에코머티리얼즈,KR7126600006,2262,S
890,126640,화신정공,KR7126640002,494,S
891,126700,하이비젼시스템,KR7126700004,2592,S
892,126730,코칩,KR7126730001,1209,S
893,126880,제이엔케이글로벌,KR7126880004,834,S
894,127120,디엔에이링크,KR7127120004,667,S
895,127710,아시아경제,KR7127710002,470,S
896,127980,화인써키트,KR7127980001,837,S
897,128540,에코캡,KR7128540002,385,S
898,128660,피제이메탈,KR7128660008,757,S
899,129890,앱코,KR7129890000,648,S
900,129920,대성하이텍,KR7129920005,613,S
901,130500,GH신소재,KR7130500002,462,S
902,130580,나이스디앤비,KR7130580004,797,S
903,130740,티피씨글로벌,KR7130740004,239,S
904,131030,옵투스제약,KR7131030009,1166,S
905,131090,시큐브,KR7131090003,372,S
906,131100,티엔엔터테인먼트,KR7131100000,443,S
907,131180,딜리,KR7131180002,297,S
908,131220,대한과학,KR7131220006,372,S
909,131290,티에스이,KR7131290009,5298,S
910,131370,알서포트,KR7131370009,1653,S
911,131400,이브이첨단소재,KR7131400004,1483,S
912,131760,파인텍,KR7131760001,325,S
913,131970,두산테스나,KR7131970006,5101,S
914,133750,메가엠디,KR7133750000,513,S
915,134060,이퓨쳐,KR7134060003,209,S
916,134580,탑코미디어,KR7134580000,502,S
917,136410,아셈스,KR7136410008,815,S
918,136480,하림,KR7136480001,2963,S
919,136540,윈스,KR7136540002,1731,S
920,137080,나래나노텍,KR7137080008,428,S
921,137400,피엔티,KR7137400008,13462,S
922,137940,넥스트아이,KR7137940003,308,S
923,137950,제이씨케미칼,KR7137950002,1105,S
924,138070,신진에스엠,KR7138070008,447,S
925,138080,오이솔루션,KR7138080007,1161,S
926,138360,협진,KR7138360003,394,S
927,138580,비즈니스온,KR7138580006,3575,S
928,138610,나이벡,KR7138610001,1731,S
929,139050,BF랩스,KR7139050009,242,A
930,139670,키네마스터,KR7139670004,414,S
931,140070,서플러스글로벌,KR7140070004,1074,S
932,140410,메지온,KR7140410002,8702,S
933,140430,카티스,KR7140430000,629,S
934,140520,대창스틸,KR7140520008,483,S
935,140670,알에스오토메이션,KR7140670001,1085,S
936,140860,파크시스템스,KR7140860008,13632,S
937,141000,비아트론,KR7141000000,803,S
938,141080,리가켐바이오,KR7141080002,36567,S
939,142210,유니트론텍,KR7142210004,1050,S
940,142280,녹십자엠에스,KR7142280007,897,S
941,142760,모아라이프플러스,KR7142760008,631,S
942,143160,아이디스,KR7143160000,1696,S
943,143240,사람인,KR7143240000,1887,S
944,143540,영우디에스피,KR7143540003,336,S
945,144510,지씨셀,KR7144510005,5166,S
946,144960,뉴파워프라즈마,KR7144960002,2315,S
947,145020,휴젤,KR7145020004,30816,S
948,145170,노브랜드,KR7145170007,1371,S
949,146060,율촌,KR7146060009,308,S
950,146320,비씨엔씨,KR7146320007,1765,S
951,147760,피엠티,KR7147760003,350,S
952,147830,제룡산업,KR7147830004,1360,S
953,148150,세경하이테크,KR7148150006,1907,S
954,148250,알엔투테크놀로지,KR7148250004,301,S
955,148780,비큐AI,KR7148780000,314,S
956,148930,에이치와이티씨,KR7148930001,498,S
957,149950,아바텍,KR7149950008,1904,S
958,149980,하이로닉,KR7149980005,1292,S
959,150840,인트로메딕,KR7150840007,2515,A
960,150900,파수,KR7150900009,603,S
961,151860,KG에코솔루션,KR7151860004,2921,S
962,151910,퓨처코어,KR7151910007,1216,A
963,153460,네이블,KR7153460001,415,S
964,153490,우리이앤엘,KR7153490008,419,S
965,153710,옵티팜,KR7153710009,786,S
966,154030,아시아종묘,KR7154030001,280,S
967,154040,다산솔루에타,KR7154040000,255,S
968,155650,와이엠씨,KR7155650005,785,S
969,156100,엘앤케이바이오,KR7156100000,1419,S
970,158430,아톤,KR7158430009,944,S
971,159010,아스플로,KR7159010008,988,S
972,159580,제로투세븐,KR7159580000,908,S
973,159910,스킨앤스킨,KR7159910009,289,S
974,160190,하이젠알앤엠,KR7160190005,3175,S
975,160550,NEW,KR7160550000,633,S
976,160600,이큐셀,KR7160600003,1068,A
977,160980,싸이맥스,KR7160980009,1214,S
978,161580,필옵틱스,KR7161580006,4287,S
979,162300,신스틸,KR7162300008,1111,S
980,163730,핑거,KR7163730005,1152,S
981,164060,이루다,KR7164060006,1503,S
982,166090,하나머티리얼즈,KR7166090001,6348,S
983,166480,코아스템켐온,KR7166480004,4158,S
984,168330,내츄럴엔도텍,KR7168330009,551,S
985,168360,펨트론,KR7168360006,1100,S
986,169330,엠브레인,KR7169330008,378,S
987,170030,현대공업,KR7170030001,903,S
988,170790,파이오링크,KR7170790000,606,S
989,170920,엘티씨,KR7170920003,969,S
990,171010,램테크놀러지,KR7171010002,589,S
991,171090,선익시스템,KR7171090004,5041,S
992,171120,라이온켐텍,KR7171120009,780,S
993,172670,에이엘티,KR7172670002,895,S
994,173130,오파스넷,KR7173130006,943,S
995,173940,에프엔씨엔터,KR7173940008,521,S
996,174880,장원테크,KR7174880005,116,A
997,174900,앱클론,KR7174900001,2535,S
998,175140,휴먼테크놀로지,KR7175140003,1247,S
999,175250,아이큐어,KR7175250000,775,S
1000,177350,베셀,KR7177350006,263,S
1001,177830,파버나인,KR7177830007,454,S
1002,178320,서진시스템,KR7178320008,14787,S
1003,178780,일월지엠엘,KR7178780003,1241,A
1004,179290,엠아이텍,KR7179290002,2450,S
1005,179530,애드바이오텍,KR7179530001,391,S
1006,179900,유티아이,KR7179900006,3697,S
1007,180400,DXVX,KR7180400004,883,S
1008,182360,큐브엔터,KR7182360008,2130,S
1009,182400,엔케이맥스,KR7182400002,1727,A
1010,183300,코미코,KR7183300003,6098,S
1011,183490,엔지켐생명과학,KR7183490002,1292,S
1012,184230,SGA솔루션즈,KR7184230001,325,S
1013,185490,아이진,KR7185490000,840,S
1014,186230,그린플러스,KR7186230009,1125,S
1015,187220,디티앤씨,KR7187220009,361,S
1016,187270,신화콘텍,KR7187270004,351,S
1017,187420,제노포커스,KR7187420005,751,S
1018,187660,현대ADM,KR7187660006,648,S
1019,187790,나노,KR7187790001,316,A
1020,187870,디바이스이엔지,KR7187870001,1060,S
1021,188260,세니젠,KR7188260004,225,S
1022,189300,인텔리안테크,KR7189300007,5914,S
1023,189330,씨이랩,KR7189330004,450,S
1024,189690,포시에스,KR7189690001,647,S
1025,189860,서전기전,KR7189860000,431,S
1026,189980,흥국에프엔비,KR7189980006,722,S
1027,190510,나무가,KR7190510008,2093,S
1028,190650,코리아에셋투자증권,KR7190650002,371,S
1029,191410,육일씨엔에쓰,KR7191410000,199,S
1030,191420,테고사이언스,KR7191420009,1283,S
1031,192250,케이사인,KR7192250009,737,S
1032,192390,윈하이텍,KR7192390003,421,S
1033,192410,휴림네트웍스,KR7192410009,362,S
1034,192440,슈피겐코리아,KR7192440006,1420,S
1035,193250,링크드,KR7193250008,299,S
1036,194480,데브시스터즈,KR7194480000,4579,S
1037,194700,노바렉스,KR7194700001,1836,S
1038,195500,마니커에프앤지,KR7195500004,454,S
1039,195940,HK이노엔,KR7195940002,13669,S
1040,195990,에이비프로바이오,KR7195990007,1349,S
1041,196170,알테오젠,KR7196170005,175655,S
1042,196300,애니젠,KR7196300008,768,S
1043,196450,코아시아씨엠,KR7196450001,496,S
1044,196490,디에이테크놀로지,KR7196490007,362,A
1045,196700,웹스,KR7196700009,197,S
1046,197140,디지캡,KR7197140007,380,S
1047,198080,엔피디,KR7198080004,570,S
1048,198440,강동씨앤엘,KR7198440000,1004,S
1049,198940,한주라이트메탈,KR7198940009,414,S
1050,199430,케이엔알시스템,KR7199430000,1023,S
1051,199480,뱅크웨어글로벌,KR7199480005,742,S
1052,199550,레이저옵텍,KR7199550005,903,S
1053,199730,바이오인프라,KR7199730003,429,S
1054,199800,툴젠,KR7199800004,4291,S
1055,199820,제일일렉트릭,KR7199820002,2119,S
1056,200130,콜마비앤에이치,KR7200130003,4488,S
1057,200230,텔콘RF제약,KR7200230001,705,S
1058,200350,래몽래인,KR7200350007,1310,S
1059,200470,에이팩트,KR7200470003,1277,S
1060,200670,휴메딕스,KR7200670008,4065,S
1061,200710,에이디테크놀로지,KR7200710002,2596,S
1062,200780,비씨월드제약,KR7200780005,452,S
1063,201490,미투온,KR7201490000,717,S
1064,203400,에이비온,KR7203400007,2012,S
1065,203450,유니온커뮤니티,KR7203450002,368,S
1066,203650,드림시큐리티,KR7203650007,1581,S
1067,203690,스피어파워,KR7203690003,800,S
1068,204020,그리티,KR7204020002,540,S
1069,204270,제이앤티씨,KR7204270003,10765,S
1070,204610,티쓰리,KR7204610000,835,S
1071,204620,글로벌텍스프리,KR7204620009,2163,S
1072,204630,스튜디오산타클로스,KR7204630008,190,A
1073,204840,지엘팜텍,KR7204840003,840,S
1074,205100,엑셈,KR7205100001,1316,S
1075,205470,휴마시스,KR7205470008,2091,S
1076,205500,액션스퀘어,KR7205500002,655,S
1077,206400,베노티앤알,KR7206400004,1119,S
1078,206560,덱스터,KR7206560005,1768,S
1079,206640,바디텍메드,KR7206640005,4063,S
1080,206650,유바이오로직스,KR7206650004,4245,S
1081,207760,미스터블루,KR7207760000,1127,S
1082,208140,정다운,KR7208140004,823,S
1083,208340,파멥신,KR7208340000,2337,A
1084,208350,지란지교시큐리티,KR7208350009,280,S
1085,208370,셀바스헬스케어,KR7208370007,1317,S
1086,208640,썸에이지,KR7208640003,377,S
1087,208710,바이오로그디바이스,KR7208710004,328,S
1088,208860,엔지스테크널러지,KR7208860007,418,A
1089,210120,빅텐츠,KR7210120002,436,S
1090,211050,인카금융서비스,KR7211050000,2299,S
1091,211270,AP위성,KR7211270004,1636,S
1092,212560,네오오토,KR7212560007,692,S
1093,213420,덕산네오룩스,KR7213420003,7300,S
1094,214150,클래시스,KR7214150005,34239,S
1095,214180,헥토이노베이션,KR7214180002,1691,S
1096,214260,라파스,KR7214260002,1818,S
1097,214270,FSN,KR7214270001,642,S
1098,214310,에스엘에너지,KR7214310005,225,A
1099,214370,케어젠,KR7214370009,10281,S
1100,214430,아이쓰리시스템,KR7214430001,2345,S
1101,214450,파마리서치,KR7214450009,20363,S
1102,214610,미코바이오메드,KR7214610008,697,S
1103,214680,디알텍,KR7214680001,2156,S
1104,214870,뉴지랩파마,KR7214870008,647,A
1105,215000,골프존,KR7215000001,4355,S
1106,215090,휴센텍,KR7215090002,1499,A
1107,215100,로보로보,KR7215100009,730,S
1108,215200,메가스터디교육,KR7215200007,5037,S
1109,215360,우리산업,KR7215360009,1138,S
1110,215380,우정바이오,KR7215380007,385,S
1111,215480,토박스코리아,KR7215480005,266,S
1112,215600,신라젠,KR7215600008,3825,S
1113,215790,이노인스트루먼트,KR7215790007,223,S
1114,216050,인크로스,KR7216050005,866,S
1115,216080,제테마,KR7216080002,2943,S
1116,217190,제너셈,KR7217190008,726,S
1117,217270,넵튠,KR7217270008,2591,S
1118,217330,싸이토젠,KR7217330000,1568,S
1119,217480,에스디생명공학,KR7217480003,547,A
1120,217500,러셀,KR7217500008,595,S
1121,217620,디딤이앤에프,KR7217620004,220,A
1122,217730,강스템바이오텍,KR7217730001,973,S
1123,217820,원익피앤이,KR7217820000,1561,S
1124,218150,미래생명자원,KR7218150001,868,S
1125,218410,RFHIC,KR7218410009,3151,S
1126,219130,타이거일렉,KR7219130002,1235,S
1127,219420,링크제니시스,KR7219420007,566,S
1128,219550,디와이디,KR7219550001,247,S
1129,219750,한국비티비,KR7219750007,632,A
1130,220100,퓨쳐켐,KR7220100002,5381,S
1131,220180,핸디소프트,KR7220180004,612,S
1132,220260,켐트로스,KR7220260004,1439,S
1133,221800,유투바이오,KR7221800006,343,S
1134,221840,하이즈항공,KR7221840002,341,S
1135,221980,케이디켐,KR7221980006,513,S
1136,222040,코스맥스엔비티,KR7222040008,627,S
1137,222080,씨아이에스,KR7222080004,7079,S
1138,222110,팬젠,KR7222110009,459,S
1139,222160,NPX,KR7222160004,795,A
1140,222420,쎄노텍,KR7222420002,369,S
1141,222800,심텍,KR7222800005,5966,S
1142,222810,세토피아,KR7222810004,817,A
1143,222980,한국맥널티,KR7222980005,452,S
1144,223250,드림씨아이에스,KR7223250002,888,S
1145,223310,딥마인드,KR7223310004,596,S
1146,224060,더코디,KR7224060004,243,S
1147,224110,에이텍모빌리티,KR7224110007,723,S
1148,225190,LK삼양,KR7225190008,992,S
1149,225220,제놀루션,KR7225220003,625,S
1150,225430,케이엠제약,KR7225430008,209,S
1151,225530,보광산업,KR7225530005,1678,S
1152,225570,넥슨게임즈,KR7225570001,9904,S
1153,225590,패션플랫폼,KR7225590009,245,S
1154,226330,신테카바이오,KR7226330009,898,S
1155,226340,본느,KR7226340008,798,S
1156,226360,KH 건설,KR7226360006,606,A
1157,226400,오스테오닉,KR7226400000,1190,S
1158,226440,한송네오텍,KR7226440006,1005,A
1159,226950,올릭스,KR7226950004,3282,S
1160,227100,퀀텀온,KR7227100005,198,S
1161,227610,아우딘퓨쳐스,KR7227610003,646,S
1162,227950,엔투텍,KR7227950003,527,S
1163,228340,동양파일,KR7228340006,411,S
1164,228670,레이,KR7228670006,1270,S
1165,228760,지노믹트리,KR7228760005,3958,S
1166,228850,레이언스,KR7228850004,1161,S
1167,229000,젠큐릭스,KR7229000005,439,S
1168,230240,에치에프알,KR7230240004,1165,S
1169,230360,에코마케팅,KR7230360000,3316,S
1170,230980,비유테크놀러지,KR7230980005,213,A
1171,232140,와이씨,KR7232140004,10994,S
1172,232680,라온테크,KR7232680009,856,S
1173,232830,시큐센,KR7232830000,242,S
1174,234100,폴라리스세원,KR7234100006,743,S
1175,234300,에스트래픽,KR7234300002,1376,S
1176,234340,헥토파이낸셜,KR7234340008,1624,S
1177,234690,녹십자웰빙,KR7234690006,2158,S
1178,234920,자이글,KR7234920007,602,S
1179,235980,메드팩토,KR7235980000,2051,S
1180,236200,슈프리마,KR7236200002,1816,S
1181,236810,엔비티,KR7236810008,666,S
1182,237690,에스티팜,KR7237690003,20725,S
1183,237750,피앤씨테크,KR7237750005,307,S
1184,237820,플레이디,KR7237820006,649,S
1185,237880,클리오,KR7237880000,5701,S
1186,238090,앤디포스,KR7238090005,1022,S
1187,238120,얼라인드,KR7238120000,442,S
1188,238200,비피도,KR7238200000,371,A
1189,238490,힘스,KR7238490007,467,S
1190,239340,이스트에이드,KR7239340003,497,S
1191,239610,에이치엘사이언스,KR7239610009,798,S
1192,239890,피엔에이치테크,KR7239890007,958,S
1193,240600,유진테크놀로지,KR7240600007,541,S
1194,240810,원익IPS,KR7240810002,14921,S
1195,241520,DSC인베스트먼트,KR7241520006,785,S
1196,241690,유니테크노,KR7241690007,1015,S
1197,241710,코스메카코리아,KR7241710003,9793,S
1198,241770,메카로,KR7241770007,760,S
1199,241790,티이엠씨씨엔에스,KR7241790005,639,S
1200,241820,피씨엘,KR7241820000,677,S
1201,241840,에이스토리,KR7241840008,688,S
1202,242040,나무기술,KR7242040004,544,S
1203,243070,휴온스,KR7243070000,3456,S
1204,243840,신흥에스이씨,KR7243840006,3561,S
1205,244460,올리패스,KR7244460002,219,S
1206,245620,EDGC,KR7245620000,574,A
1207,246250,에스엘에스바이오,KR7246250005,630,S
1208,246690,TS인베스트먼트,KR7246690002,444,S
1209,246710,티앤알바이오팹,KR7246710008,1363,S
1210,246720,아스타,KR7246720007,687,S
1211,246960,SCL사이언스,KR7246960009,656,S
1212,247540,에코프로비엠,KR7247540008,174868,S
1213,247660,나노씨엠에스,KR7247660004,386,S
1214,250000,보라티알,KR7250000007,689,S
1215,250060,모비스,KR7250060001,1171,S
1216,250930,예선테크,KR7250930005,191,S
1217,251120,바이오에프디엔씨,KR7251120002,1255,S
1218,251370,와이엠티,KR7251370003,1447,S
1219,251630,브이원텍,KR7251630000,769,S
1220,251970,펌텍코리아,KR7251970000,4352,S
1221,252500,세화피앤씨,KR7252500004,426,S
1222,252990,샘씨엔에스,KR7252990007,3293,S
1223,253450,스튜디오드래곤,KR7253450001,10821,S
1224,253590,네오셈,KR7253590004,3781,S
1225,253840,수젠텍,KR7253840003,997,S
1226,254120,자비스,KR7254120009,645,S
1227,254490,미래반도체,KR7254490006,2112,S
1228,255220,SG,KR7255220006,2183,S
1229,255440,야스,KR7255440000,967,S
1230,256150,한독크린텍,KR7256150004,554,S
1231,256630,포인트엔지니어링,KR7256630005,847,S
1232,256840,한국비엔씨,KR7256840000,3979,S
1233,256940,케이피에스,KR7256940008,1132,S
1234,257370,피엔티엠에스,KR7257370007,1151,A
1235,257720,실리콘투,KR7257720003,26723,S
1236,258610,케일럼,KR7258610005,450,S
1237,258790,소프트캠프,KR7258790005,244,S
1238,258830,세종메디칼,KR7258830009,229,A
1239,259630,엠플러스,KR7259630002,1314,S
1240,260660,알리코제약,KR7260660006,639,S
1241,260930,씨티케이,KR7260930003,1125,S
1242,260970,에스앤디,KR7260970009,966,S
1243,261200,덴티스,KR7261200000,1207,S
1244,261780,차백신연구소,KR7261780001,1126,S
1245,262260,에이프로,KR7262260003,1138,S
1246,262840,아이퀘스트,KR7262840002,453,S
1247,263020,디케이앤디,KR7263020000,518,S
1248,263050,유틸렉스,KR7263050007,942,S
1249,263540,어스앤에어로스페이스,KR7263540007,850,A
1250,263600,덕우전자,KR7263600009,978,S
1251,263690,디알젬,KR7263690000,902,S
1252,263700,케어랩스,KR7263700007,596,S
1253,263720,디앤씨미디어,KR7263720005,2250,S
1254,263750,펄어비스,KR7263750002,24703,S
1255,263770,유에스티,KR7263770000,511,S
1256,263800,데이타솔루션,KR7263800005,677,S
1257,263810,상신전자,KR7263810004,465,S
1258,263860,지니언스,KR7263860009,949,S
1259,263920,휴엠앤씨,KR7263920001,507,S
1260,264450,유비쿼스,KR7264450008,1316,S
1261,264660,씨앤지하이테크,KR7264660002,1267,S
1262,264850,이랜시스,KR7264850009,1863,S
1263,265520,AP시스템,KR7265520007,2888,S
1264,265560,영화테크,KR7265560003,916,S
1265,265740,엔에프씨,KR7265740001,591,S
1266,267320,나인테크,KR7267320000,1080,S
1267,267790,배럴,KR7267790004,391,S
1268,267980,매일유업,KR7267980001,3113,S
1269,268600,셀리버리,KR7268600004,2483,A
1270,269620,시스웍,KR7269620001,1320,A
1271,270520,지오릿에너지,KR7270520000,1932,S
1272,270660,에브리봇,KR7270660004,2151,S
1273,270870,뉴트리,KR7270870009,936,S
1274,271830,팸텍,KR7271830002,703,S
1275,272110,케이엔제이,KR7272110008,1340,S
1276,272290,이녹스첨단소재,KR7272290008,5481,S
1277,273060,와이즈버즈,KR7273060004,460,S
1278,273640,와이엠텍,KR7273640003,1364,S
1279,274090,켄코아에어로스페이스,KR7274090000,1415,S
1280,274400,이노시뮬레이션,KR7274400001,463,S
1281,275630,에스에스알,KR7275630002,202,S
1282,276040,스코넥,KR7276040003,433,S
1283,276730,제주맥주,KR7276730009,357,S
1284,277070,린드먼아시아,KR7277070009,612,S
1285,277410,인산가,KR7277410007,561,S
1286,277810,레인보우로보틱스,KR7277810008,25995,S
1287,277880,티에스아이,KR7277880001,1395,S
1288,278280,천보,KR7278280003,5710,S
1289,278650,HLB바이오스텝,KR7278650007,2116,S
1290,279600,미디어젠,KR7279600001,478,S
1291,281740,레이크머티리얼즈,KR7281740001,11220,S
1292,282720,금양그린파워,KR7282720002,1462,S
1293,282880,코윈테크,KR7282880004,1693,S
1294,284620,카이노스메드,KR7284620002,1242,S
1295,285490,노바텍,KR7285490009,1361,S
1296,285800,진영,KR7285800009,437,S
1297,286750,나노브릭,KR7286750005,388,S
1298,287410,제이시스메디칼,KR7287410005,9718,S
1299,288330,브릿지바이오테라퓨틱스,KR7288330004,1842,S
1300,288620,에스퓨얼셀,KR7288620008,810,S
1301,288980,모아데이타,KR7288980006,496,S
1302,289010,아이스크림에듀,KR7289010001,337,S
1303,289080,SV인베스트먼트,KR7289080004,898,S
1304,289220,자이언트스텝,KR7289220006,1358,S
1305,290090,트윔,KR7290090000,637,S
1306,290120,DH오토리드,KR7290120005,463,S
1307,290270,휴네시온,KR7290270008,374,S
1308,290380,대유,KR7290380005,568,A
1309,290520,신도기연,KR7290520006,343,S
1310,290550,디케이티,KR7290550003,2030,S
1311,290560,신시웨이,KR7290560002,326,S
1312,290650,엘앤씨바이오,KR7290650001,4384,S
1313,290660,네오펙트,KR7290660000,376,S
1314,290670,대보마그네틱,KR7290670009,1391,S
1315,290690,소룩스,KR7290690007,3549,S
1316,290720,푸드나무,KR7290720002,468,S
1317,290740,액트로,KR7290740000,566,S
1318,291230,엔피,KR7291230001,998,S
1319,291650,압타머사이언스,KR7291650000,365,S
1320,291810,핀텔,KR7291810000,265,S
1321,293490,카카오게임즈,KR7293490009,14243,S
1322,293580,나우IB,KR7293580007,971,S
1323,293780,압타바이오,KR7293780003,1966,S
1324,294090,이오플로우,KR7294090006,1969,S
1325,294140,레몬,KR7294140009,901,S
1326,294570,쿠콘,KR7294570007,1607,S
1327,294630,서남,KR7294630009,907,S
1328,295310,에이치브이엠,KR7295310007,1765,S
1329,296640,이노룰스,KR7296640006,307,S
1330,297090,씨에스베어링,KR7297090003,1742,S
1331,297570,알로이스,KR7297570004,337,S
1332,297890,HB솔루션,KR7297890006,3225,S
1333,298060,에스씨엠생명과학,KR7298060005,412,S
1334,298380,에이비엘바이오,KR7298380007,14630,S
1335,298540,더네이쳐홀딩스,KR7298540006,1610,S
1336,298830,슈어소프트테크,KR7298830001,3283,S
1337,299030,하나기술,KR7299030007,2438,S
1338,299170,더블유에스아이,KR7299170001,463,S
1339,299660,셀리드,KR7299660001,1238,S
1340,299900,위지윅스튜디오,KR7299900001,2257,S
1341,299910,애닉,KR7299910000,324,A
1342,300080,플리토,KR7300080009,980,S
1343,300120,라온피플,KR7300120003,913,S
1344,301300,바이브컴퍼니,KR7301300000,566,S
1345,302430,이노메트리,KR7302430004,1036,S
1346,302550,리메드,KR7302550009,913,S
1347,303030,지니틱스,KR7303030001,496,S
1348,303360,프로티아,KR7303360002,385,S
1349,303530,이노뎁,KR7303530000,564,S
1350,304100,솔트룩스,KR7304100001,1892,S
1351,304360,에스바이오메딕스,KR7304360001,4366,S
1352,304840,피플바이오,KR7304840002,742,S
1353,305090,마이크로디지탈,KR7305090003,2441,S
1354,306040,에스제이그룹,KR7306040007,644,S
1355,306620,네온테크,KR7306620006,894,S
1356,307180,아이엘사이언스,KR7307180000,909,S
1357,307280,원바이오젠,KR7307280008,509,S
1358,307750,국전약품,KR7307750000,2163,S
1359,307870,비투엔,KR7307870006,661,S
1360,307930,컴퍼니케이,KR7307930008,810,S
1361,308080,바이젠셀,KR7308080001,741,S
1362,308100,까스텔바작,KR7308100007,225,S
1363,309930,오하임앤컴퍼니,KR7309930006,448,S
1364,309960,LB인베스트먼트,KR7309960003,960,S
1365,310200,애니플러스,KR7310200001,1320,S
1366,310210,보로노이,KR7310210000,16121,S
1367,310870,디와이씨,KR7310870001,233,S
1368,311320,지오엘리먼트,KR7311320006,952,S
1369,311390,네오크레마,KR7311390009,746,S
1370,311690,CJ 바이오사이언스,KR7311690002,1093,S
1371,312610,에이에프더블류,KR7312610009,364,S
1372,313760,캐리,KR7313760001,504,S
1373,314130,지놈앤컴퍼니,KR7314130006,1109,S
1374,314140,알피바이오,KR7314140005,562,S
1375,314930,바이오다인,KR7314930009,4792,S
1376,315640,딥노이드,KR7315640003,1289,S
1377,317120,라닉스,KR7317120004,389,S
1378,317240,TS트릴리온,KR7317240000,299,A
1379,317330,덕산테코피아,KR7317330009,8817,S
1380,317530,캐리소프트,KR7317530004,250,S
1381,317690,퀀타매트릭스,KR7317690006,1767,S
1382,317770,엑스페릭스,KR7317770006,688,S
1383,317830,에스피시스템스,KR7317830008,601,S
1384,317850,대모,KR7317850006,784,S
1385,317870,엔바이오니아,KR7317870004,1688,S
1386,318000,KBG,KR7318000007,551,S
1387,318010,팜스빌,KR7318010006,415,S
1388,318020,포인트모바일,KR7318020005,493,S
1389,318160,셀바이오휴먼텍,KR7318160009,301,S
1390,318410,비비씨,KR7318410008,507,S
1391,319400,현대무벡스,KR7319400008,3573,S
1392,319660,피에스케이,KR7319660007,6546,S
1393,320000,한울반도체,KR7320000003,776,S
1394,321260,프로이천,KR7321260002,637,S
1395,321370,센서뷰,KR7321370009,794,S
1396,321550,티움바이오,KR7321550006,1681,S
1397,321820,아티스트유나이티드,KR7321820003,2117,S
1398,322180,티라유텍,KR7322180001,857,S
1399,322310,오로스테크놀로지,KR7322310004,1681,S
1400,322510,제이엘케이,KR7322510009,2110,S
1401,322780,코퍼스코리아,KR7322780008,289,S
1402,323230,엠에프엠코리아,KR7323230003,69,A
1403,323280,태성,KR7323280008,5693,S
1404,323350,다원넥스뷰,KR7323350009,569,S
1405,323990,박셀바이오,KR7323990002,3230,S
1406,327260,RF머트리얼즈,KR7327260006,573,S
1407,328130,루닛,KR7328130000,12646,S
1408,328380,솔트웨어,KR7328380001,323,S
1409,330350,위더스제약,KR7330350000,936,S
1410,330730,스톤브릿지벤처스,KR7330730003,675,S
1411,330860,네패스아크,KR7330860008,1672,S
1412,331380,포커스에이치엔에스,KR7331380006,715,S
1413,331520,밸로프,KR7331520007,367,S
1414,331920,셀레믹스,KR7331920009,349,S
1415,332290,누보,KR7332290006,407,S
1416,332370,아이디피,KR7332370006,499,S
1417,332570,와이팜,KR7332570001,1140,S
1418,333050,모코엠시스,KR7333050003,321,S
1419,333430,일승,KR7333430007,921,S
1420,333620,엔시스,KR7333620003,1221,S
1421,334970,프레스티지바이오로직스,KR7334970001,3659,S
1422,335810,프리시젼바이오,KR7335810008,398,S
1423,335870,윙스풋,KR7335870002,198,S
1424,335890,비올,KR7335890000,5181,S
1425,336060,웨이버스,KR7336060009,768,S
1426,336570,원텍,KR7336570007,6227,S
1427,337930,브랜드엑스코퍼레이션,KR7337930002,3218,S
1428,338220,뷰노,KR7338220007,4659,S
1429,338840,와이바이오로직스,KR7338840002,1583,S
1430,339950,아이비김영,KR7339950008,793,S
1431,340360,다보링크,KR7340360007,1232,S
1432,340440,세림B&G,KR7340440007,375,S
1433,340570,티앤엘,KR7340570001,5787,S
1434,340810,씨유박스,KR7340810001,355,S
1435,340930,유일에너테크,KR7340930007,978,S
1436,344860,이노진,KR7344860002,224,S
1437,347000,센코,KR7347000002,806,S
1438,347700,라이프시맨틱스,KR7347700007,468,S
1439,347740,피엔케이피부임상연구센타,KR7347740003,804,S
1440,347770,핌스,KR7347770000,604,S
1441,347850,디앤디파마텍,KR7347850000,4078,S
1442,347860,알체라,KR7347860009,569,S
1443,347890,엠투아이,KR7347890006,982,S
1444,348030,모비릭스,KR7348030008,476,S
1445,348080,큐라티스,KR7348080003,390,S
1446,348150,고바이오랩,KR7348150004,1253,S
1447,348210,넥스틴,KR7348210006,5150,S
1448,348340,뉴로메카,KR7348340001,2410,S
1449,348350,위드텍,KR7348350000,919,S
1450,348370,엔켐,KR7348370008,41158,S
1451,351320,에스에이티이엔지,KR7351320007,399,S
1452,351330,이삭엔지니어링,KR7351330006,750,S
1453,352090,스톰테크,KR7352090005,507,S
1454,352480,씨앤씨인터내셔널,KR7352480008,9783,S
1455,352700,씨앤투스,KR7352700009,814,S
1456,352770,클리노믹스,KR7352770002,286,S
1457,352910,오비고,KR7352910004,853,S
1458,352940,인바이오,KR7352940001,248,S
1459,353190,휴럼,KR7353190002,334,S
1460,353590,오토앤,KR7353590003,771,S
1461,353810,이지바이오,KR7353810005,1323,S
1462,354200,엔젠바이오,KR7354200008,491,S
1463,354320,알멕,KR7354320004,2038,S
1464,355150,코스텍시스,KR7355150004,689,S
1465,355390,크라우드웍스,KR7355390006,572,S
1466,355690,에이텀,KR7355690009,446,S
1467,356680,엑스게이트,KR7356680009,1193,S
1468,356860,티엘비,KR7356860007,1244,S
1469,356890,싸이버원,KR7356890004,377,S
1470,357230,에이치피오,KR7357230002,1287,S
1471,357550,석경에이티,KR7357550003,2591,S
1472,357580,아모센스,KR7357580000,880,S
1473,357780,솔브레인,KR7357780006,17462,S
1474,357880,비트나인,KR7357880004,251,S
1475,358570,지아이이노베이션,KR7358570000,5403,S
1476,359090,씨엔알리서치,KR7359090008,744,S
1477,360070,탑머티리얼,KR7360070007,3222,S
1478,360350,코셈,KR7360350003,479,S
1479,361390,제노코,KR7361390008,1005,S
1480,361570,알비더블유,KR7361570005,715,S
1481,361670,삼영에스앤씨,KR7361670003,294,S
1482,362320,청담글로벌,KR7362320004,1395,S
1483,362990,드림인사이트,KR7362990004,327,S
1484,363250,진시스템,KR7363250002,659,S
1485,363260,모비데이즈,KR7363260001,557,S
1486,365270,큐라클,KR7365270008,828,S
1487,365330,에스와이스틸텍,KR7365330000,1346,S
1488,365340,성일하이텍,KR7365340009,6954,S
1489,365590,하이딥,KR7365590009,1437,S
1490,365900,브이씨,KR7365900000,257,S
1491,366030,공구우먼,KR7366030005,1121,S
1492,367000,플래티어,KR7367000007,457,S
1493,368600,아이씨에이치,KR7368600003,797,S
1494,368770,파이버프로,KR7368770004,1248,S
1495,368970,오에스피,KR7368970000,340,S
1496,369370,블리츠웨이스튜디오,KR7369370002,863,S
1497,370090,퓨런티어,KR7370090003,1873,S
1498,371950,풍원정밀,KR7371950007,2133,S
1499,372170,윤성에프앤씨,KR7372170001,4611,S
1500,372320,큐로셀,KR7372320002,4029,S
1501,372800,아이티아이즈,KR7372800003,377,S
1502,373110,엑셀세라퓨틱스,KR7373110006,932,S
1503,373170,엠아이큐브솔루션,KR7373170000,386,S
1504,373200,엑스플러스,KR7373200005,460,S
1505,376180,피코그램,KR7376180006,508,S
1506,376190,LB루셈,KR7376190005,1122,S
1507,376290,씨유테크,KR7376290003,562,S
1508,376300,디어유,KR7376300000,4545,S
1509,376930,노을,KR7376930004,755,S
1510,376980,원티드랩,KR7376980009,483,S
1511,377030,맥스트,KR7377030002,462,S
1512,377220,프롬바이오,KR7377220009,629,S
1513,377330,이지트로닉스,KR7377330006,503,S
1514,377450,리파인,KR7377450002,2434,S
1515,377460,위니아에이드,KR7377460001,260,A
1516,377480,마음AI,KR7377480009,679,S
1517,378340,필에너지,KR7378340004,3831,S
1518,378800,샤페론,KR7378800007,1314,S
1519,380540,옵티코어,KR7380540005,302,S
1520,382480,지아이텍,KR7382480002,1021,S
1521,382800,지앤비에스 에코,KR7382800001,1151,S
1522,382840,원준,KR7382840007,2102,S
1523,382900,범한퓨얼셀,KR7382900009,1398,S
1524,383310,에코프로에이치엔,KR7383310000,7973,S
1525,383930,디티앤씨알오,KR7383930005,956,S
1526,384470,코어라인소프트,KR7384470001,1040,S
1527,388050,지투파워,KR7388050007,1212,S
1528,388720,유일로보틱스,KR7388720005,3888,S
1529,388790,라이콤,KR7388790008,1115,S
1530,388870,파로스아이바이오,KR7388870008,1160,S
1531,389020,자람테크놀로지,KR7389020009,2175,S
1532,389030,지니너스,KR7389030008,518,S
1533,389140,포바이포,KR7389140005,662,S
1534,389260,대명에너지,KR7389260001,2710,S
1535,389470,인벤티지랩,KR7389470006,2019,S
1536,389500,에스비비테크,KR7389500000,1054,S
1537,389650,넥스트바이오메디컬,KR7389650003,3303,S
1538,391710,코닉오토메이션,KR7391710001,927,S
1539,393210,토마토시스템,KR7393210000,1352,S
1540,393890,더블유씨피,KR7393890009,6638,S
1541,394280,오픈엣지테크놀로지,KR7394280002,2810,S
1542,396270,넥스트칩,KR7396270001,1808,S
1543,396300,세아메카닉스,KR7396300006,747,S
1544,396470,워트,KR7396470007,1631,S
1545,397030,에이프릴바이오,KR7397030008,4997,S
1546,399720,가온칩스,KR7399720002,4882,S
1547,402030,코난테크놀로지,KR7402030001,1707,S
1548,402490,그린리소스,KR7402490007,1367,S
1549,403490,우듬지팜,KR7403490006,851,S
1550,403870,HPSP,KR7403870009,25626,S
1551,405000,플라즈맵,KR7405000001,580,S
1552,405100,큐알티,KR7405100009,1720,S
1553,405920,나라셀라,KR7405920000,522,S
1554,406760,하나금융21호스팩,KR7406760009,154,S
1555,406820,뷰티스킨,KR7406820001,520,S
1556,407400,꿈비,KR7407400001,867,S
1557,408900,스튜디오미르,KR7408900009,1082,S
1558,408920,메쎄이상,KR7408920007,1002,S
1559,411080,샌즈랩,KR7411080005,1742,S
1560,412350,레이저쎌,KR7412350001,528,S
1561,412540,제일엠앤에스,KR7412540007,2849,S
1562,412930,미래에셋비전스팩1호,KR7412930000,161,A
1563,413600,키움제6호스팩,KR7413600008,95,S
1564,413630,씨피시스템,KR7413630005,1134,S
1565,413640,비아이매트릭스,KR7413640004,574,S
1566,415380,스튜디오삼익,KR7415380005,390,S
1567,415580,상상인제3호스팩,KR7415580000,110,S
1568,416180,신성에스티,KR7416180008,2621,S
1569,417010,나노팀,KR7417010006,2199,S
1570,417180,핑거스토리,KR7417180007,464,S
1571,417200,LS머트리얼즈,KR7417200003,12448,S
1572,417500,제이아이테크,KR7417500006,1235,S
1573,417790,트루엔,KR7417790003,995,S
1574,417840,저스템,KR7417840006,693,S
1575,417860,오브젠,KR7417860004,451,S
1576,417970,모델솔루션,KR7417970001,633,S
1577,418170,하나금융22호스팩,KR7418170007,157,S
1578,418210,신한제10호스팩,KR7418210001,81,S
1579,418250,시큐레터,KR7418250007,522,A
1580,418420,라온텍,KR7418420006,1223,S
1581,418470,밀리의서재,KR7418470001,1283,S
1582,418550,제이오,KR7418550000,5687,S
1583,418620,이에이트,KR7418620001,1148,S
1584,419050,삼기이브이,KR7419050000,1326,S
1585,419080,엔젯,KR7419080007,1048,S
1586,419120,산돌,KR7419120001,555,S
1587,419530,SAMG엔터,KR7419530001,1350,S
1588,419540,비스토스,KR7419540000,497,S
1589,420570,제이투케이바이오,KR7420570004,1089,S
1590,420770,기가비스,KR7420770000,4918,S
1591,421800,교보12호스팩,KR7421800004,130,S
1592,422040,엔에이치스팩23호,KR7422040006,150,S
1593,424140,케이비제21호스팩,KR7424140002,166,A
1594,424760,벨로크,KR7424760007,209,S
1595,424960,스마트레이더시스템,KR7424960003,1594,S
1596,424980,마이크로투나노,KR7424980001,390,S
1597,425040,티이엠씨,KR7425040003,2001,S
1598,425290,삼성스팩6호,KR7425290004,117,S
1599,425420,티에프이,KR7425420007,2004,S
1600,429270,시지트로닉스,KR7429270002,338,S
1601,430220,신영스팩8호,KR7430220004,148,S
1602,430460,한화플러스제3호스팩,KR7430460006,126,S
1603,430690,한싹,KR7430690008,769,S
1604,430700,유안타제9호스팩,KR7430700005,110,S
1605,431190,케이쓰리아이,KR7431190008,513,S
1606,432430,와이랩,KR7432430007,824,S
1607,432470,케이엔에스,KR7432470003,1360,S
1608,432720,퀄리타스반도체,KR7432720001,1412,S
1609,433530,키움제7호스팩,KR7433530003,100,A
1610,434480,모니터랩,KR7434480000,632,S
1611,435380,유안타제10호스팩,KR7435380001,120,S
1612,435620,하나금융25호스팩,KR7435620000,441,S
1613,435870,에스케이증권제8호스팩,KR7435870001,78,S
1614,436610,한국제11호스팩,KR7436610000,203,A
1615,437730,삼현,KR7437730005,2457,S
1616,437780,엔에이치스팩24호,KR7437780000,105,S
1617,438220,대신밸런스제13호스팩,KR7438220006,119,S
1618,438580,엔에이치스팩25호,KR7438580003,67,S
1619,438700,버넥트,KR7438700007,421,S
1620,439090,마녀공장,KR7439090002,3406,S
1621,439250,삼성스팩7호,KR7439250002,359,S
1622,439410,엔에이치스팩26호,KR7439410002,182,S
1623,439580,블루엠텍,KR7439580002,2613,S
1624,439730,IBKS제20호스팩,KR7439730003,97,S
1625,440110,파두,KR7440110005,7567,S
1626,440290,HB인베스트먼트,KR7440290005,534,S
1627,440320,오픈놀,KR7440320000,450,S
1628,440790,교보13호스팩,KR7440790004,88,S
1629,440820,엔에이치스팩27호,KR7440820009,163,S
1630,441270,파인엠텍,KR7441270006,2204,S
1631,442130,유진스팩9호,KR7442130001,77,S
1632,442310,대신밸런스제14호스팩,KR7442310009,148,S
1633,442770,IBKS제21호스팩,KR7442770004,94,S
1634,442900,미래에셋드림스팩1호,KR7442900007,758,S
1635,443250,레뷰코퍼레이션,KR7443250006,994,S
1636,443670,에스피소프트,KR7443670005,1991,S
1637,444920,유안타제11호스팩,KR7444920003,108,S
1638,445090,에이직랜드,KR7445090004,3107,S
1639,445180,퓨릿,KR7445180003,1205,S
1640,445360,비엔케이제1호스팩,KR7445360001,90,S
1641,445680,큐리옥스바이오시스템즈,KR7445680002,3153,S
1642,445970,신영스팩9호,KR7445970007,117,S
1643,446150,유안타제12호스팩,KR7446150005,113,A
1644,446190,미래에셋비전스팩2호,KR7446190001,114,S
1645,446540,메가터치,KR7446540007,836,S
1646,446750,하나26호스팩,KR7446750002,128,S
1647,446840,키움제8호스팩,KR7446840001,127,S
1648,448280,에코아이,KR7448280008,2256,S
1649,448370,하나27호스팩,KR7448370007,119,S
1650,448710,코츠테크놀로지,KR7448710004,981,S
1651,448740,삼성스팩8호,KR7448740001,464,S
1652,448760,IBKS제22호스팩,KR7448760009,97,S
1653,448830,미래에셋비전스팩3호,KR7448830000,104,S
1654,449020,유안타제13호스팩,KR7449020007,196,S
1655,450050,하이제8호스팩,KR7450050000,105,S
1656,450330,하스,KR7450330006,752,S
1657,450520,인스웨이브시스템즈,KR7450520002,552,S
1658,450940,유안타제14호스팩,KR7450940002,95,S
1659,451220,아이엠티,KR7451220008,722,S
1660,451250,삐아,KR7451250005,1310,S
1661,451700,엔에이치스팩29호,KR7451700009,289,S
1662,451760,컨텍,KR7451760003,1234,S
1663,452160,제이엔비,KR7452160005,638,S
1664,452190,한빛레이저,KR7452190002,1190,S
1665,452200,민테크,KR7452200009,1716,S
1666,452280,한선엔지니어링,KR7452280001,2006,S
1667,452300,캡스톤파트너스,KR7452300007,436,S
1668,452400,이닉스,KR7452400005,1142,S
1669,452430,사피엔반도체,KR7452430002,1110,S
1670,452670,상상인제4호스팩,KR7452670003,104,S
1671,452980,신한제11호스팩,KR7452980006,368,S
1672,453450,그리드위즈,KR7453450009,1922,S
1673,453860,에이에스텍,KR7453860009,1558,S
1674,454640,하나29호스팩,KR7454640004,113,S
1675,454750,하나28호스팩,KR7454750001,151,S
1676,455250,KB제25호스팩,KR7455250001,113,A
1677,455310,한화플러스제4호스팩,KR7455310003,106,S
1678,455900,엔젤로보틱스,KR7455900001,4259,S
1679,455910,에스케이증권제9호스팩,KR7455910000,105,S
1680,456010,아이씨티케이,KR7456010008,1162,S
1681,456070,이엔셀,KR7456070002,2225,S
1682,456440,DB금융스팩11호,KR7456440007,122,S
1683,456490,교보14호스팩,KR7456490002,89,S
1684,457390,대신밸런스제15호스팩,KR7457390003,165,S
1685,457550,우진엔텍,KR7457550002,1548,S
1686,457630,대신밸런스제16호스팩,KR7457630002,160,S
1687,457940,에스케이증권제10호스팩,KR7457940005,70,S
1688,458320,KB제26호스팩,KR7458320009,115,S
1689,458610,한국제12호스팩,KR7458610003,91,S
1690,458870,씨어스테크놀로지,KR7458870003,1828,S
1691,460470,아이빔테크놀로지,KR7460470008,918,S
1692,460930,현대힘스,KR7460930001,3985,S
1693,460940,피앤에스미캐닉스,KR7460940000,966,S
1694,461030,아이엠비디엑스,KR7461030009,2523,S
1695,461300,아이스크림미디어,KR7461300006,2290,S
1696,462020,에이치엠씨제6호스팩,KR7462020009,88,S
1697,462350,이노스페이스,KR7462350000,1516,S
1698,462510,라메디텍,KR7462510009,1098,S
1699,464080,에스오에스랩,KR7464080001,1318,S
1700,464280,티디에스팜,KR7464280007,1141,S
1701,464440,한국제13호스팩,KR7464440007,92,S
1702,464500,아이언디바이스,KR7464500008,1283,S
1703,464680,KB제27호스팩,KR7464680008,257,S
1704,465320,교보15호스팩,KR7465320000,80,S
1705,466910,엔에이치스팩30호,KR7466910007,183,S
1706,467930,IBKS제23호스팩,KR7467930004,90,S
1707,468510,삼성스팩9호,KR7468510003,226,S
1708,468760,유진스팩10호,KR7468760004,90,S
1709,469480,IBKS제24호스팩,KR7469480008,91,S
1710,469750,아이비젼웍스,KR7469750004,753,S
1711,469880,하나30호스팩,KR7469880009,149,S
1712,469900,하나31호스팩,KR7469900005,116,S
1713,471050,대신밸런스제17호스팩,KR7471050005,129,S
1714,472220,신영스팩10호,KR7472220003,100,S
1715,472230,에스케이증권제11호스팩,KR7472230002,86,S
1716,472850,폰드그룹,KR7472850007,1837,S
1717,473000,에스케이증권제12호스팩,KR7473000008,70,S
1718,473050,유안타제15호스팩,KR7473050003,141,S
1719,473370,비엔케이제2호스팩,KR7473370005,85,S
1720,473950,에스케이증권제13호스팩,KR7473950004,91,S
1721,474490,유안타제16호스팩,KR7474490000,111,S
1722,474660,신한제12호스팩,KR7474660008,116,S
1723,474930,신한제13호스팩,KR7474930005,77,S
1724,475240,하나32호스팩,KR7475240008,68,S
1725,475250,하나33호스팩,KR7475250007,79,S
1726,476080,M83,KR7476080007,1442,S
1727,476470,KB제28호스팩,KR7476470000,116,S
1728,477340,에이치엠씨제7호스팩,KR7477340004,149,S
1729,477380,미래에셋비전스팩4호,KR7477380000,164,S
1730,477470,미래에셋비전스팩5호,KR7477470009,113,S
1731,477530,한국제14호스팩,KR7477530000,102,S
1732,477760,DB금융스팩12호,KR7477760003,120,S
1733,478110,이베스트스팩6호,KR7478110000,101,S
1734,478390,KB제29호스팩,KR7478390008,126,S
1735,478440,미래에셋비전스팩6호,KR7478440001,140,S
1736,478780,대신밸런스제18호스팩,KR7478780000,160,S
1737,479880,한국제15호스팩,KR7479880007,139,S
1738,481890,엔에이치스팩31호,KR7481890002,128,S
1739,482520,교보16호스팩,KR7482520004,124,S
1740,482680,미래에셋비전스팩7호,KR7482680006,163,S
1741,486630,KB제30호스팩,KR7486630007,106,S
